ุตุจุงุญ ุงูููุฑ ูู ูุนุงุตุฑ ุจูุช ุงูุฏูู ูุถุงุก ุงูุดูู...ูุจูุงู ุงูุญูู๐ #ูุงุฒู_ุน_ูุจูุงู credit ๐ธ samer ghanem,ุตุจุงุญู ุงูุงุญูู! ุงููู ูุญููู ุงูุช ู ุนููุชู โค๏ธโค๏ธโค๏ธโค๏ธ,positive
ุฅูุชู ูุงููุจูู ุดู ูุงุทุฑูู...,ุงุจุตุฑุด ููู ุดู ูุงุทุฑูุง? ุงุฐุง ููุฑู ุชุฎูููุง ุฎููุง ูู ุงูุตูุฑุฉ,neutral
ูู ุญุฏุง ุจููุฒูู ุญููุฉ ููู ... ูุทุจููุง ูุจูุง ููุณูุฉ ุนูููุง. ูุงูู ุดูุณุจูุฑ ุดู ุชูุณุฑุญ ุ ูุฌูุงู ุงูุฏูู ุงูุฑููู ููู ุชุฑูุญูู ุ ูุฌุจุฑุงู ( ุจูุง ูุนูู) ูุงููููููุทู ููุญููุธ ููุงูุฎุจุงุฑ ูุนุด ุฒุงุจุทุฉ ุตุฏูููู. ุฅุฑุฎู ุงููุตุฉ ุดู ุจุฏู ุนูู ุฎูููุง ูุนูุด ุงููุงูุน ูููุชุจ ูู ูุญู ุงููุทุฑุฉ ุน ูุญุทุฉ ุงูุจูุฒูู ูุซูุง #ูููุฉ_ุงููุญุทุฉ_ุฌูุนุชูุง,ุงูุช ูุชููุง ุนู ุชูุทุฑู ููุงู ?!,neutral
ุงูููุชุดุฑูู ุงูููู ุจูุถููู ูุง ุฒุงู ูุจูุงู ุตุงูุฏุ ููููุงูู ูุงูุช ุงุฒูุชู ุงุตุนุจ. ูุงููุง ูุญููููุง 7 ูููุงุฑ ุฏููุงุฑ ูุจุนุฏูู ุนู ูุญููููุง 7 ูููุงุฑ ุจุงูุฑุบู ูู ุนุฏู ุซูุชูู ุจุงููุธุงู ุงููุตุฑูู. ูุงูู 7 ูููุงุฑ ุฏููุงุฑ ุชุจุนูู ุงูููู ูููุชูุง ูุฑุชูู ุฃู ุซูุงุซุฉ ุฃู ุงุฑุจุนุฉ ยูุฑุงุช ุงูุซุฑ ูู ูุจู.,ุงูุช ูุฑูุช ุงูุนุงูู ุจูุจูุงูุุณูุงุก ูุจูุงูููู ุงู ุนุฑุจ ุงู ุนุฌู ุุญุชู ุงูุญููุงูุงุช ุงูู ุงุนูู ููู ูููู ูุฑูุชูุง ูููุุงูุช ูุตูุฉ ุนุงุงุฑ ูุณุฎู ุนูู ูุจูุงูุูุฒุจูุฉ ุงูุชุงุฑูุฎ ูุชููุฑ ุนููู ููู ูุงููู ุชููู ุงูุง ุจูุงููุฒุจููุ ูุงุณุฏ ูุญุฑุงุงูู ูุฐุง ูุงูุนุฑูู ูู ุงูุนุงูู ุนููุุณููุช ููุจูุงู ูุงูุดุนุจ ุงููุจูุงูู ููุฃุฑูุงุจู ุญุณููู ุชููู ุนูููู,negative
ูุงูู ูููุทุฉ ูุงุญูู ุนููู ๐๐.,... ูุงุจุนุฑูู ููุด ูู ูุนุฑูุฉ ุจุณ ูู ููุทุฉ ููุชุนุฑู ๐๐,positive
#ูุญู_ูู_ุฌูู ููุง ููุช ุงูุจุณ ูุนุจ ุนุงูู ููููุฏ ุนุงุฑุถุงุช ุงูุฃุฒูุงุก ููู ุจููุดูุง ุขุฎุฑ ุดู ูุฌู ุงูุจุงุจุง ูุฏููู ูุชูุฉ ูููู ุงุฏุฑุณ๐ ุตูุฑุฉ ุนูุฑูุง 26 ุณูุฉ๐ฅบ,ุงูุงููู 26ููู ูุด ุณูุฉ ูุญูุธู ุฑุจู ุฑูุชุง,positive
ุตูุฑูุง ูุฐู ุงูุชุบุฑูุฏุฉ ูุง ุนุฑุจ ููุนุฑูุฉ ุงุฐุง ุงููููู ููุงูู ุตุญูุญ,ููู ุงูููู ุนุจุฏุงููู ูุฎูุฏ !! ุญุชูุง ูููุง ุณูููุช ูููู ุงูุงุนูุงุฑ ุจูุฏ ุงููู ูุง ูุนูู ูุฏุฑูุง ุบูุฑู ููุฐุง ุงูููุฌู ุงูุงูุนู ูุง ูุนูู ุงูุบูุจ ููุญุฏุฏ ุงูููุนุฏ ูุงูุงุฑุฏู ูููุง ุนุตูุช ุจู ุงูุฑูุงุญ ูุงูุฒูุงุจุน ูุจูู ุฏุฑุนุง ุญุงููุง ููุงุณุฑุฉ ุงููุงุดููู,no_ref
ุณุฑูุฉ ููุตููุฉ ูุดู400 ูููุงุฑ ุฏููุงุฑ ูุน ุณููุงุช ูู ุงูุนูู ุงูุฏุคูุจ ูุถุฑุจ ูู ูุญุงููุงุช ุงูุชุบููุฑุ ูุงู ุดู ุจุฏู ุชููุนููุูุงููุฑ ุจุฏู ุงููุนู ุจูุชูุฌุฉ ุงูุญุณุงุจ ูุญุตููุฉ ุงูุตูุฏูู ุงู ุจุฏู ุงููุนู ุงูู ูุงุดู ู ูุฌูุน ุฒูุฑ ูููุฐุฌูุฉ ูู ุงูุฌูุนุงููู ููุณูุทุฉ ู ุงููุงู ูุน ุดูุงุฏุฉ ุงูุฒู ุจุฃุณุฑุน ุงูููุงุฑ ูุงูุฐุจ ููุงุฑุณุฉ ุณูุงุณูุฉ ู ุฎุฏุงุน ูููุงุณ #ุตุงุฏู,ุนูุฏูุง ุงุณุชููุชู ุงูุญูู ูู ุนุงู 2011 ูุงู ุงูุฏูู ุงูุนุงู 44ูููุงุฑ ุฏููุงุฑ. ูุงูููู 8%. ูุงูุชูุง ุฑูุนุชูุง ุงูุฏูู ุงูุนุงู ุฅูู 100ูููุงุฑ ุฏููุงุฑ. ููููุชูุง ุงูููุฑุจุงุก ูุงููุงุก ูุงูุณุฏูุฏ ููุฏุฑ ุงููุงู ุงูุดุนุจ ุงููุจูุงูู ููุฏุฎุฑุงุชู ูุฌูู ุนูุฑู ูุตุงุฑ ุณูุจุฑ ููููููุฑ ููุตูุฑ ูุนูุงุฑุงุช ูุณูุงุฑุงุช ูุทูุงุฑุฉ ููุฎุช ูุณูุงุฑุฉ ุจูุบูุชู. ุจูููู ูุฐุจ ููุณุงุฏ,negative
ูููู ุฑุฆูุณ ุงูุฃุฑูุงู ุงูุฌูุฑุงู ุฃููู ููุฎุงูู ุจุฒูุงุฑุฉ ุฑุณููุฉ ุฅูู ุงูููุงูุงุช ุงููุชุญุฏุฉ ูุฐูู ููู ุงูุฃุญุฏุ ุฅุฐ ุณูุญู ุถูููุง ุนูู ุฑุฆูุณ ููุฆุงุช ุงูุฃุฑูุงู ุงููุดุชุฑูุฉ ุงูุฃูุฑูููุฉ ุงูุฌูุฑุงู ูุงุฑู ูููู. ูุงู ูู ุงูููุชุฑุถ ุฃู ุชุชู ุงูุฒูุงุฑุฉ ูู ุดูุฑ ููุณุงู ุงููุงุถู ูุชู ุชุฃุฌูููุง ูุฃุณุจุงุจ ุชุชุนูู ุจุชูููู ุงููุถุน ุงูุฃููู ูุนูููุฉ ุญุงุฑุณ ุงูุฃุณูุงุฑ,ูููุชู ูุง ุฎูุฒูุฑ ูุงูุง ูุงุฒูุช?!,negative
ููููุดูุง #ุญูุงุณ ุงูุฅุฑูุงุจูุฉ ุดูุฑุช ุงูููู ููุงุฉ #ุงูุฌุฒูุฑุฉ ุนูู ุชุบุทูุชูุง ุงููุคูุฏุฉ ููุง ุฎูุงู ุนูููุฉ ุญุงุฑุณ ุงูุฃุณูุงุฑ ูููุญุช ููุญุฉ ุชูุฏูุฑ ููุฏูุฑ ููุชุจ ุงูุฌุฒูุฑุฉ ูู #ุบุฒุฉ. ููุงุฉ ุงูุฌุฒูุฑุฉ ุฃุดุงุฏุช ูู ุฌุงูุจูุง ุจุฒูุงุฑุฉ ููุฏ ุญูุงุณ ูููุชุจูุง ููููููู ูุดุงูุฏุฉ ุงูุตูุฑ ููุง.,ุงูุญู ููุงู ุฑุบู ุฃูู ุฃูุฑู ุงูุฌุฒูุฑุฉ ูููู ูุงู ููุง ุฏูุฑ ูุจูุฑ ูู ุบุฒุฉ ูููุณุทูู,no_ref
ููุงู ูู ุงูุตููู,ููุฐุง ูู ุงูููุทุงุก ุชุฌุฏูู ูุงูุฏู ุงูุดุฑู ููู ุซู ูุชุญุฏุซูู ุนู ุงูุงุณุชุดุฑุงู ูุจุฏู ุงู ูุฃุณ ุงูุฎูุฑ ุงุซูู ูุงููู,no_ref
ุงุณุทูุฑุฉ ุงูุชุตุงุฏูุฉ ูููุฏุช ุงูููู,ููุฏุง ุฃูุจู ุฑุณูู ุชูุถู ุดุงุฑูููุง ุจ ุถุฑูุจุฉ ุงูุฏู ูุนุงุดุงุช ุงููุงุฏ ุงูุดูุฏุง ุงูุฌุฑุญู ุชุฌููุฒุงุช ุงูุฏูุงุน ุนู ุงููุทู. ูุง ุงูุจู ุณุฆูุช ููุณู ูุฏูุด ุงูุญุฒุจ ููููุฑ ุนุงูุฌูุด ุชุถุญูุงุช ูุชูุงููู ูุง ุฃูุจู ุจุฏู ุฌูุฑู ุนุงูุงุณูุญุฉ ุจุฏู ูุง ุชุฑูุญ ุชุฌูุจ ุงุณูุญุฉ ููุงุณุจุฉ ูุฑูุงู ุชุฏุงูุน ุนู ูุทูู!!,negative
ูุง ูููุฒ ุดุนุจูุง ุงูุฅุณุฑุงุฆููู #ุงูุฃุดู ูู ุฑูุญ ุงููุดุงุฑูุฉ ููุดูู ูุณูุฌูุง ูุชูููุง ูุฌุนู ูู #ุฅุณุฑุงุฆูู ูุทููุง ุตูุจูุง ูุง ููุชุฒุ ููุง ุจุงููู ุฅุฐุง ูุงูุช ูุฐู ุงูุตูุฉ ูุถุงูุฉ ุฅูู ุณูุงุญ ุฌู ูุง ุชูุฒู ุนูุงุตู? ูุนูููุฉ ุตุบูุฑุฉ ููู ูุณุฃู ุนู #ุณุฑูุง๐ ูู ุงูุตูุฑุฉ :ูุฌูุงุก ูู #ุงููุฌุชูุน #ุงูุจุฏูู ูู ุฒูุงุฑุฉ ูุฌููุฉ ููุงุนุฏุฉ #ูููุงุทูู_ุงูุฌููุฉ ๐ฎ๐ฑ,ุตุฏู ุงููู ุชุฑุงูู ุฌููุนุง ููููุจูู ุดุชู ุงููู ูุงู ุฌุฆูุง ุจูู ููููุง ุบูุฑ ุบูุฑ ูุชุฌุงูุณูู ููุฑุง ููุง ุนููุฏุฉ ูุงููุณูุฌ ุงูุบูุฑ ูุชุฌุงูุณ ูููุง ูุนูุช ููู ูุจูู ูุชูุญุฏุง ุณุชูุณู ุงุทุฑุงููุง ู ุณุชุชูุทุน ูุชุชุจุนุซุฑ ุงูุตุงููุง ูููุง ุชููู ุงูููุงูุฉ ุตุฏู ุงููู ููุฐุจุช ูุง #ุงููุฎุงู_ุงุฏุฑุนู,negative
ูู ุชุนูููุง ุงู ุญุฑุงุฑุฉ ุงูุทูุณ ุงูุชู ุชุฒูุฏูู ุจูุง ุจุนุถ ุงูุณูุงุฑุงุช ูู ุบูุฑ ุฏููููุฉ ? ุจูุง ุฃู ูููุงุณ ุงูุญุฑุงุฑุฉ ูู ุงุณุณ ุนูููุฉ ููุง ุชุชููุฑ ูู ุงูุณูุงุฑุฉ ุฃูููุง : ุงูุญุฑุงุฑุฉ ุชูุงุณ ูุชุฑูู ููู ุงูุงุฑุถ #ุงูุทุจูุนูุฉ ูุจุนูุฏุงู ุนู ุงู ุฌุณู ูุนุฏูู ุงู ูุตุฏุฑ ูุจู ูุงูุฒูุช ุงู ุงุฌุณุงู ุงุฎุฑู ูุฏุงุฆูุง ุงูุญุฑุงุฑุฉ ุชูุงุณ ูู ุงูุธู...,breaking boundaries: the science of our planet ุงุณู ูุชุงุจ ู ูููู ูุซุงุฆูู ุนูู ูุชููููุณ ูุชุญุฏุซ ุนู ุฎุทูุฑุฉ ุงูุชุบููุฑ ุงูููุงุฎู. ุงูุตุญ ุจูุดุฑ ุงูุชูุนูุฉ ุนู ูุฐุง ุงูููุถูุน. ูุน ุงูุงุญุชุฑุงู ูุงููุญุจุฉ.,no_ref
ููู ุงูุฅูุณุงููุฉ ููุณุช ุฏูู ุฅููุง ุฑุชุจุฉ ูุตู ููุง ุจุนุถ ุงูุจุดุฑ ูุฐุง ูุง ูุคูู ุจูุ ูุฐู ูู ุฑุคูุชูุง ูู ุงูููุงู ุงูููููุฉ ุงููููุงุฉ ุนูู ุนุงุชููุงุ ูุฐุง ูู ูุงุฌุจูุง ูุฌููุฏ #ุฌูุด ุงูุฅูุณุงู. ูู ุงูุตูุฑุฉ: ุฌููุฏ ูู ูุญุฏุฉ ุงูุงุฑุชุจุงุท ูุงูุชูุณูู ูุน ุฃุญุฏ ุงูุณูุงู ุงูููุณุทููููู ูู ูููุฏุง ูุงูุณุงูุฑุฉ,",ุฌูุดูู ุฌูุด ุงูุดูุทุงูุ ูุงู ุงูุณุงููู ุนูุฏ ุฌูุดูู ุงู ุนูุฏูู ??!! ููุฏ ุงุฑุชูุจุชูุง ุจุญู ุงูุณูุงู ุงูุงุตูููู ูููุณุทูู ุงููุญุชูู ุงููุฌุงุฒุฑ ุชูู ุงููุฌุงุฒุฑุูุงููููู ุงููู ููู ูููููู ูุนูู ุงูุจุงุบู ุชุฏูุฑ ุงูุฏูุงุฆุฑุ ููุฑูุจุง ุจุงุฐู ุงููู ุฒูุงููู.",negative
ุฃุฏูู ุงูุงุนุชุฏุงุก ุงูุฐู ุชุนุฑุถ ูู ุฑุงูู ูุนูู ุจุงูุดูู... ููุง ุงุฑูุฏ ุงูุฏุฎูู ูู ุณุฌุงู ุณูุงุณู,ูุง ุบุณุงู ุงูุฌุจุงู ุงูุชู ุชูุงุฑ ุงูุตุฑูุงูุฉ,negative
ุจูู ุญูุงุณ ูุงูุญูุซููู ุนููุงู ูุงุญุฏ ุงูุง ููู ุงูุงูุชูุงุก ุฅูู ูุญูุฑ ุงููุชุงุฌุฑุฉ ุจุฏู ุงูุฃุจุฑูุงุก ูุงุณุชูุฏุงู ุฃูุซุฑ ูุฏู ุงููุณูููู ูุฏุณูุฉุุงูุตูุงุฑูุฎ ุงูุญูุซูุฉ ุจุงุชุฌุงู ุฃุทูุฑ ุงููุจูุชูู ููุฉ ุงูููุฑูุฉ ูุงููุฏููุฉ ุงููููุฑุฉ ูุงูุตูุงุฑูุฎ ุงูุญูุณุงููุฉ ุชุฌุงู ูุฏููุฉ ุงููุฏุณ ุฃููู ุงููุจูุชูู ูุซุงูุซ ุงูุญุฑููู...,ุญูุงุณ ู ุงูุญูุซู ูุฌูุงู ุฃุนูู ุงูุงุฑูุงุจ ุงููุงุญุฏุฉ,no_ref
#ุญุฒุจ_ุงููุฐุจ #ููุงุช_ุฌุนุฌุน #ุนุงุดู_ุงููุดู,ูุง ุฒููู ุจุชููุช ุงุฐุง ุจุชูุงูู ุงุณุฎู ููู,negative
ุจูุง ุจุทุงูุฉ ุชูููููุฉ ู ุจูุง ูุณุฎุฑุฉ ุุฑุฏูุง ุงููุงู ุงูููููุจ ู ููููุง ูุฏ ุงููุฏ ุนูู ุงูุฎุฒูุฉ ...ู ุจูุง ุทูุจุงููุงุช ู ุงุฑุงูุจ...ุงูู ุดู ุชุนุชุฐุฑูุง ูู ุงููุงุณ ู ุชุฑุฏูููุง ูุงููุง...ุจุณ ูุตูุฑ ุงููุงุฆุจ ููุงุฑุจ ุจุงูููุงุฆุน ู ูุณุงูุฑ ุจุงูุญูููุ ู ูุณุชุฏุนู ุชุจููุถ ุงููุฌ ู ูุบุทู ุถุนูู ุจููู ุงูุงููุฑ ููุง ูู #ุจูุตูุฑ ุงูุชูููููุฉ ูุฏูุฉ ุบุจูุฉ,ูููุณุชููู #ููุฑูู_ุจุนุจุฏุง ููุฑุชุงุญ ูุจุจูุด ุงูุฎูุงุต,no_ref
ูุชุจ ูุนูุฏ #ุฌูุช_ุณุชููุ ุงุฏุนุงุก #ุญูุงุณ ุจุฃููุง ุงูุชุตุฑุช ูู ุงูุญุฑุจ ุงูุฃุฎูุฑุฉ ูุน ุฅุณุฑุงุฆูู ุฃุตุจุญ ููุถุน ุณุฎุฑูุฉ ูุงุณุชูุฒุงุก ูู ูุจู ุงูุนุฏูุฏ ูู ุงูุนุฑุจ ุงูุฐูู ูุง ูุฎุดูู ูู ูุตู ุงูุฌูุงุนุฉ ุงูุฅุฑูุงุจูุฉ ุงููุฏุนููุฉ ูู #ุฅูุฑุงู ุจุงููุฐุจ ุนูู ุงูููุณุทููููู ูุจููุฉ ุงูุนุงูู.,ูุฐุง ููุซู ุญุฑูุฉ ุญูุงุณ ูู ุงูุณุนูุฏูุฉ ูุงุญุชุฌุฒู ุขู ุณุนูุฏ ุจุชููุฉ ุงูุฅุฑูุงุจ ูู ูุญุธู ูุฐุง ุงูุฅุฌุฑุงู ุจุฅุฏุงูุฉ ุญุฒุจ ุงูุฅุตูุงุญ ุจู ูุงู ุงูุญุฒุจ ุจุฅุฏุงูุฉ ุญูุงุณ ุงูุชู ุนุจุฑุช ุนู ุดูุฑูุง ูุงูุตุงุฑุงููู ุงูุฐูู ุฃุจุฏูุง ุงุณุชุนุฏุงุฏูู ููุงูุฑุงุฌ ุนู ุฃุณุฑู ุณุนูุฏููู ููุงุจู ุงูุฑุงุฌ ุงูููููุฉ ุนู ุฃุณุฑู ุญูุงุณ,no_ref
ูุชุงุจุนููุง ุงููุฑุงู ุ ูุชููู ูููู ุฏุนู ุงูุญุณุงุจ ุ ูุนูู ููุดู ูู ูู ุชุบุฑูุฏุงุชูู . ุณูุจูู ููุฑุน ุฌุฏุฑุงู ุงูุฎุฒุงู,ูู ุงูุฏุนู ููู ุชูุฑู,positive
ูู ุงุนูุงูููู ุญููุฏูู ูุฏุฑุฌุฉ ุจุชุดุนุฑ ุฃููู ูุฒุนูุฌูู ูุฃู ุงููุบุชุฑุจูู ูุงุฒููู ุนูุจูุงู ููุง ุฃูุงุนู ุงูุบุฏุฑ ุงูุชู ูุงุฒู ุชูููู ูุงููุบุชุฑุจูู ูุฑุฌุนู ! #ูุงุฒู_ุน_ูุจูุงู,ููุฏู (ุงูุฅุนูุงูููู) ูุนู ุชุญูู ุนููู ููู ูุนู ูุญููุง ุฅุฐุง ุงูุฏููุงุฑ ุทูุน ู ุงูุจูุฒูู ูุงูููุงุฏ ุงูุบุฐุงุฆูุฉ ุญูููู ุจุชุญุณู ุดูุงุชุฉ ุดูุชุงููู ุจุงูุดุนุจ ุงููููุฑ ููุฏู ุจูุง ุฃุฎูุงู,neutral
#ุฃูุฅุนุชุฏุงู_ูู_ูุฑุทุฉ,ุดุนุจ ุงุนูุฌ ูููู ูุด ููู ูููู ูุงุดู ูููู ูุฑุงุชุดู ูุบูุฑู ุทุฒ ูููู ูุจุงูุทุงุฆููู ุชุจุนูู,negative
ูุชูู ุงูุฑุงูููู ูู ูุตู ุตููููู ุนูู ุณูุฑูุฉ,ุชุญูุฉ ุดูุฑ ููุฌูุด ุงููุทูู ุงูุงุณุฑุงุฆููู ุฏูุฑูุง ุงููุธุงู ุงูุณูุฑู ุงููุฌุฑู ูุงูุถูุง ุนููู,no_ref
#ุงุณุชูุชุงุก ูู ุฃูุชู ูุน ููุฑุฉ ุงุณุชูุฑุงุฏ #ุจูุฒูู ูููุท ูู #ุฅูุฑุงู ูููุงุฐุง? ูุง ูู ุขุฑุงุคูู ูุญููููู??,ุงููุฏ ูุนู ููู ุงู ููุงู ูุชููู ุทูุงุจูุฑ ุงูุฐู,no_ref
ุฒููุช ูุฃุนูุงู ุงูุญููุงูุงุช ูุฃูููุง ุงููุจูุงููููู: ุถุจุท 20 ุทูุงู ูู ูุณุชูุฏุน ูู ุงูุจูุงุน ูุชุฏุฎูุงุช ุนูู ุฃุฑูุน ุงููุณุชููุงุช ูููููุฉ ุงูููุถูุน ูุนุฏู ุณุฌู ุงูุชุฌุงุฑ #ุงููู_ูุง_ูููููู,ููู ููู! ุจูุง ุถููุฑ,no_ref
ุงูููู ุชู ุณุฑูุฉ ุนุดุฑุงุช ุงูููุจุงููุงุช ูู ุงูุตุจุงูุง ุงููุดุงุฑูุงุช ูู ุงููุธุงูุฑุฉ ูู ูุจู ููููุดูุงุช ุงูุณูุทุฉ ูุดุจูุญุฉ ุญุฑูุฉ ูุชุญ ุ ูู ุจูุช ูุงูุช ุฑุงูุนู ููุจุงูููุง ูุจุชุตูุฑ ุชู ุณุฑูุชู ูููุง ูุจุนุถูู ุชู ุณุฑูุฉ ุดูุชุงุชูู ุ  ููุงุฏ ุงูููุถูุน ูู ููุฏูุฉ ูุงุจุชุฒุงุฒ ุงูุจูุงุช ุจุตูุฑูู ุงูุดุฎุตูุฉ,ูุคูุงุก ูู ุงูุณููู ุงูุฎูุงุฒูุฑ ุงูุดุฑุงููุท ูุฌุจ ุงู ุชูุชูู ุงูุฎูุฒูุฑ ุงุงูุตููู ุนุงุฌูุง ูู ูุงููุงุฏู,no_ref
ูุจูุงู ุนูู ูู ุนูุฑูุช,ุจูุงุฏ ุงูุนุฑุจ ุชุบูู ูุน ุงูุตูู ููู ุชุชูุงุดู ูุน ุงูููุณู ๐ฅ๐ฅ,no_ref
ูุถุญููุชู ูู ุณูุนูุง ุญุฒูู ูุณู ุญุฒูู ูุงููุชู ุชุญุณุจููู ุจููู ุงููุฌุน ูุง ูุงููู ุถุญูุชู ุชุณุนุฏ ุจูุฏ.๐๐๐น๐,ุงููู ูุฏูู ุถุญูุชู ุงูุญููุฉ ู ูุณุนุฏ ููุจู ุฏูู,positive
ุจุญุงู ูุง ูุฏุฑุชูุง ุชุญุถุฑูุง ุงูุญููุฉ...๐,ุญุถุฑุชู ุจุชูุจุฑ ุงูููุจ,positive
ูุงุฌุจ ุนูููุง ุงู ูุฌูุณ ุณููุงู ููุคูู ูููุฉ ุงูุนูุด ููููุงุทู ูููุญูู ูุฌุชูุนูุง ูู ุงู ูุฎุงุทุฑ ุงูููุฉุ ููู ุงูููุงุจู ุงููุงุณ ุชุนุจุช ูู ุชุฏููุฑ ุงูุฒูุงูุงุ ูุฐุง ูููููุง ูุงุถุญ ุจุนุฏู ุงููุดุงุฑูุฉ ูู ุงูุญูููุฉ ูุงูุฌููุณ ูุน ูู ุงูุตู ุงูุจูุฏ ุงูู ูุฐุง ุงููุถุน,ุฅุฐุง ูุง ุจุฏูู ุชุดุงุฑููุง ูุจุฏูู 10 ูุฒุฑุงุก ูู ุฃุตู 24 ููู ูู ุจุฏูู ุชุดุงุฑููุง?!!,neutral
ูุจูู ุจุฑู ูุงุจู ุงูุญุฑูุฑู ูุนููุงู ูุฅุจูุงุก ุงููุณูุญููู ูู ูุจูุงู ููุงุทููู ุฏุฑุฌุฉ ุซุงููุฉ. ุฌุนุฌุน ูุงูุฌูููู ููุฑูุฌูุฉ ูุชุตุงุฑุนูู ุนูู ููุจ ุฃุจุทุงู ุงูุฏุฑุฌุฉ ุงูุซุงููุฉ. ูุญุฏู ููุดุงู ุนูู ูุชูุงุฑู ูุฎูุถุงู #ูุนุฑูุฉ_ูุฌูุฏ,ูุง ุนุงุฏ ุชูุงุฏููุง ุจุงูุฏุฑุฌุงุช ูุงุฏูุง ุจุงูููุงุทููู ูุงูุงุฎููู ููููุง ุงุฎูุงู ูุงุฎูุงุช ููุนู ุงููู ุงูุทุงุกููู ูุงุงูุจููุง ุจุฅูุบุงุก ุงูุทุงุกููู,neutral
ุทูุนูุง ููุนุฑู ูููู ุจุงูุตู ููุญุชุฑู ุงูุฎุฑุทูู #ุงุฒูุฉ_ุงูุจูุฒูู,ุจูุฒูู ูุญุฑู ุงูุญูููู ุญุฑู,no_ref
๐ข ุดูุนุฉ ุฎุงููุฆู ุงูุนุฑุจ ุณุนุฏุงุก ูู ุงูุชุฎุงุจ #ุฌุฒุงุฑ_ุทูุฑุงู ุนูู ุฎูุงู ุงูุฅูุฑุงูููู ุงูุฐูู ูุงุทุนูุง ุงูุงูุชุฎุงุจุงุชุ ูุฑูุฏูู ุงุณุชูุฑุงุฑุญูุงู ุงูุฏู ?!,ุงุนุชูุฏ ุงู ููุฒ ุฑุฆูุณู ูู ุฑุณุงูุฉ ุงูุฑุงููุฉ ุงููุง ูุฑูุฏ ุงูุงุชูุงู ุงููููู ูุงูุง ุณููุดุฑ ุงูููุถู ูู ุงูุงูููู. ูุฑูุฏ ุงูุงุชูุงู ุงููููู ููุง ูุฑูุฏ ุนูุงูุงุช ูุน ูุงุดูุทู ูููุชูู ุจุฑูุณูุง ูุงูุตูู,no_ref
ูู ูุณุชุนู ูููุงู ุงูุง ุจุดุนุจูุง ูู ุฃุฌู ูุตูุญุฉ ูุทููุง ููู ุฃูุชู ูู ุงููููุฏ ุฃู ุชุชุฐูุฑูุง ููู ุงุณุชุนูุชู ุจุงููุญุชู ูููุฌูู ุนูู ุงูููุทูุฉ ุงูุญุฑุฉ ูุนูู ุงูุดุฑุนูุฉ ูููุตูู ุงูู ูุขุฑุจูู ุงูุถููุฉ ุงูุชู ูุง ุชุฒุงู ูู ูู #ุงูููุงุช_ุงููุจูุงููุฉ #ูุนุฑูุฉ_ูุฌูุฏ,#ุชูู_ุนููู ุจุงููุฎุชุตุฑ ุงููููุฏ,negative
ุงูููู ุตุจุงุญ ุฎุงุต ูููุงูุฏุฉ...ูุงููู ูุญูุธ ุฃููุงุชูู ุฌููุนุงู ููุนุทููู ุทูู ุงูุนูุฑ ูุงูุตุญุฉ...๐น,ุงููู ูุฑุญู ุงูู ูุงุจู ุงูุงูู ูุนูุฉ ูุจูุฑุฉ ูุงููู ูุญูููู ุงูู,positive
ุฃุญูุงูุงู ูุง ููุฏูุฑ ูููุฉ ุงููุญุธุฉ ุงูุง ุนูุฏูุง ุชุตุจุญ ุฐูุฑู ... #ูุจูุงู_ุงูุญูู๐ฑ๐งโค๏ธ,ุตุจุงุญ ุงููุฑุฏ ...ุฐูุฑู ุงูุฒูู ุงูุฌููู,positive
ูุฑุฌู ุชุญุช ูุฐู ุงูุชุบุฑูุฏุฉ ูุชุงุจุฉ ุฎุจุฑ ูุจูุฌ ููุชุฉ ุงุดุงุนุฉ ุบูุฑ ูุบุฑุถุฉ ุตูุฑุฉ ุฌูููุฉ ุงู ุดูุก ุจุนูุฏุง ุนู ูุฐุง ุงููุงุจูุณ ุงูุฐู ุงุตุจุญ ุงุณููุจ ุญูุงุฉ ูุดูุฑุง,ุฃุฏุนูุง ููู ูู ุงููู ุฃู ูุบูุฑ ุญุงููู ุงูู ูุงุชุญุจูู ูุงู ูุจูุฌ ุตุฏุฑูู ุจูุง ุชุชูููู ูุงู ูุฑุฒููุง ูุงูุงูู ุฌูู ุงููุนูู,positive
ุฃุญุจุทุช ููุงุช ุฌูุด ุงูุฏูุงุน ูุงูุดุฑุทุฉ ุนูููุฉ ุชูุฑูุจ ุฃุณูุญุฉ ุนูู ุงูุญุฏูุฏ ูุน ุงูุฃุฑุฏู ุญูุซ ุถุจุทุช ุงูููุงุช ุนุฏุฏ ูู ูุทุน ุงูุฃุณูุญุฉ ูุงุนุชููุช ุนุฏุฏ ูู ุงููุดุชุจู ูููู. ููุฏ ุฑุตุฏุช ุงูููุงุช ูุดุชุจููุง ููู ููุชุฑุจ ุงูู ููุทูุฉ ุงูุญุฏูุฏ ูู ุฏุงุฎู ุงูุฃุฑุงุถู ุงูุฅุณุฑุงุฆูููุฉ ูุฃุทููุช ุงููุงุฑ ุจุงุชุฌุงูู.,ูุฐุง ุงููุงุฐุจ ุ ุจุนูู ุชุจูุถ ุทูุงุฌุฑ ูุฌูุด ุงูุงุญุชูุงู ููุง ูู ุชูุฑูุจ ููุง ูู ุชุณูู ุ ูููุง ุงุฏุนุงุฆุงุช ูุงุฐุจู ูุนุดุงู ูุตุฏูู ูุงุฒู ุจูุงู ูู ุงูุฎุงุฑุฌูู ุงูุงุฑุฏููู ูููู ุงูุช ุงุตุบุฑ ูู ุชุจุฑูู ุงููุงูู,negative
ุงูุชูุณ ููู ุณููุชููู ูุงู ุฌูุฌู ูุจุฑูุง ูุฑููู ูุตุงุฑ ูุงุฒู ุญุฏุง ูุญุทูู ุญุฏ ๐ ุงูููู ุงูุชูู ุงูู ุฑุญูุชู,๐ฅ ๐ฅููุงุญ ุฎุฑุฌ ุงูุดูู ูุน๐ฅ,no_ref
ูุงุฏ ููุฏู ูู ุงูุงูู ุงูููุงุฆู ูู ุงููู ููุนูุง ุงููุธุงูุฑุงุช ุงูุจุงุฑุญ ูู ุฑุงู ุงููู ููุงุฏ ุชุนููู ูุฑุชู : ุจุชุญููููู ุงูุงุฌูุฒุฉ ุงูุงูููุฉ ุจุฏูุง ุชุฎุจุท ููู ุฑูุจุฉ ูู ูุงุญุฏ ูุงููู ูุด ุนุงุฌุจู ููููุน ูู ุงูุจูุฏ ุณุจุญุงู ุงููู ููู ุงูุทููุฑ ุนูู ุงุดูุงููุง ุชูุน ูููู ุงูุงูุณุงุฎ ุจูุจููุง ุนูู ุจุนุถ,ูุงุธ ุงูุญููุงู ุงููููู ุชุจุน ุนุจุงุณ ุงููู ุงุณูู ูุงูุฑ ุนุฑุนุฑ ููู ูุงู ููุง ุงูุฌูุฏู ุณุฌู ุณุญุงุจู ูุดุฎ ุน ุดุฑู ุงูููุงุทุนุฉ ูุดุฑู ุนุจุงุณ ?,no_ref
#ุนุงุฌู #ุฃููู: ูุฑุฏุช ุชูุงุฑูุฑ ุนู ูุญุงููุฉ ุชูููุฐ ุนูููุฉ ุฏูุณ ูุทุนู ูุฒุฏูุฌุฉ ุจุงููุฑุจ ูู ูุฑูุฉ ุญุฒูุง ูุฑุจ ุฑุงู ุงููู. ุชู ุชุญููุฏ ุงููุฎุฑุจุฉ ูู ุงูููุงู. ูุชุจุน,ุณูุฃุชู ููู ุชุนูู ููู ุนูู ูุฏุฎู ุงููุณุฌุฏ ุงูุงูุตู ููุทูุน ุงูุฑุฃุณ,negative
ุนุงุฌู: ูุตุฏุฑ ููุณุทููู ูุดู ูู ุนู ุญุฌู ุงูุชุนุงูู ุจูู ุญุฒุจ ุงููู ูุงููุตุงุฆู ุงูููุณุทูููุฉ ูู ุงูุนุฏูุงู ุงูุญูุณุงูู ุงูุงุฎูุฑ ุนูู ุงุณุฑุงุฆูู. ุณุงูุดุฑ ูุฑูุจุง ุชุบุฑูุฏุงุช ุญูู ุชูุณูู ุงูุญุฒุจ ูุญูุงุณ. ุชุฑูุจูุง...,ูุง ุชุญุงูู ุชูููุน ููุจ ุงูุญุฑุงุณู ุงูุงูุฑุงูู ูุชูุณุจ ุฅููู ูุดุงุฑูุชู ุฌูุงุฏ ุงูุดุนุจ ุงูููุณุทููู,neutral
ูุนุงููุฉ ูุณุฑููู ๐ค๐ฅ. ... ููุทุฉ ูุฃุนุทูู ุฑูู ๐. 1_ ุจุญุจ ุดุฎุตูุชู. 2_ ุจุญุจ ุชููุชุงุชู. 3_ ุนุงููุงูู ูููุช. 4_ ุงุณุทูุฑุฉ ุงูุชุงูู. 5_ ูุฌูุฏู ุญูู. 6_ ูุง ุจุนุฑูู,ุงุฏุฑู ุงููุง 6 ุจุณ ููู. ๐ฅฒ,neutral
ุฑู ุชููููู ุงูููู ุตุจุงุญุงูุ ููููู ุงููู ุทุงูุจูู ููู ุนููุงู ุงูุจูุชุ ุฃูุง ูู ูุจู ุงูุฑุฆูุณ ูุฌูุจ ูููุงุชู. ุฏูููุชูุ ูุตู ููุงุช ุญุงูู ูุบูู ููู 500$ ูุงุดุ ูููู ุชูุถู ูู ุงูุฑุฆูุณ ูููุงุชูุ ููุฏู ุงู 500$ ุงููู ุฏูุนุชู ุจุงูุชุณุนููุงุช ููุง ุญุฌุฒุช ุฑููู ุงูุฎููููุ ุจููุด ุฏููุชู ูุฑุฏูู ูุชู ูุง ููุนูุฏ...ูุฑูู ุชููููู ูุฑุฉ ุชุงููุฉ ููุนูุช!,ุงูุถู ูู ููู ูุงูู ๐๐๐๐ุญููู ุดุฑุจู.,positive
ุงุฐุง ุงุนุชุฐุฑ ุงูุญุฑูุฑู ูููู ุงูููุงุฑ ุชุงู ูุงุฎุงู ุนูู ุงูุญุงูุฉ ุงูุงูููุฉุุงููุณ ูุฐุง ุดุจูู ุจูููู ุงุฐุง ุชูุช ุงูุงูุฉ ุฑูุงุถ ุณูุงูุฉ ุฑุญ ุทูุฑ ุงูููุฑุฉ ูุงููุถุน ุงูููุฏูุุจุดุฑูู ูุง ุฒููุช ูู ุงูุชูุฏูุฏ...ูุง ูู ุนูุงุตุฑ ุงูุญุฑูุฑู ุงูุงูุฌุงุจูุฉ ููู ูุง ูููู ุงูููุงุฑ ู ูุญู ูู ูุฑุงุก ุณูุงุณุชูู ุงููุงููุฉ ูู ูุนุฑ ุงูุงูููุงุฑ ุููู ุณููุนููุง ุงูุดุชุงูู ุนุตุฑู,ูุง ุฃููุง ุงูุบุฑุงุจ ุงูุฃุณูุฏ ุณุฑูุงุชูู ูู ุงูููุฑุจุงุก ูุงูุทุงูู ูุงูุงุชุตุงูุงุช ูุงูุณุฏูุฏ ุตุงุฑุช ุนูู ูู ูุณุงู ูุงูุชุญูููุงุช ุงูุจูููู ูู 1989 ูุถุญุช ูุถุจ ูุณุงูู ุนูู ุงุณูุงุฏู ุจุณ ููู,negative
ูุนูู ุฏูุนูุง !! ูุงู ุจูุงู ูุงูุชูุถูุญ . 500 ุงูู ููุฑู!!ูุงูู ูุด ูุญูุง ููุงู ูุจุฉ . ูุง ุน ุงุณุงุณ ุญูููุฉ ุญุณุงู ุฏูุงุจ ูุง ุจุชุตุฑูู ุงุนูุงู ููุง ุจุชุฎุงูู ุฏุณุชูุฑ . ุงุณูุง ุงูุดุนุจ ููุญุฑู ูุฑูุงู ูุถุงุฉ ุงููุญููุฉ ููุจุถูุง ููุฑู? ููู ุงููุญ ูุง ุฑุฃุช ุนููู . ุทุจ ูุฏูุนููู ุนุงุฆูุฉ ุงูุดููุฏ ุ ููู ุจุนุฒููุง ูุงูุซุฑูุฉ ? ูุงู ูุจุฉ ูุงู ูุจุฉ ุทูุฌู,ูู ูุง ุฌุงุจูุง ุณูุฑุฉ ุงููุญููุฉ ุจุชููุงุฑ ุงุนุตุงุจูู 00,neutral
ูุน ุฅูู ูุฐุจู ูุชูุซููู ูุงุถุญูู ุฎุงุตุฉ ูู ุดุงุดุฉ ุญุฑุงูู ุงูุงูุชุฑูุชุ ููู ุงูุช ูุงุฒู ุชูููู ุนุจุฑุฉ ููู ุฃุฒุนุฑ ุจูุญุงูู ูุนุชุฏู ุนูู ูุฑุงูุงุช ุงููุงุณ...ุงูุชุฏุนูุณ ูููู ุนูููู.,ุฃูุง ูุง ุจุญุจู ุฌุจุฑุงู. ุจุณ ูุง ุจุชุนุฑูุถูู ูุฎุงุตุฉ ูุฏูุงู ููุงุฏู ููุฑุชู. ุดู ูุงูุญููุงูุฉ. ูุฑู ูู ุงูููุฏ ุจุงูุณูุงุณุฉ ูุงูุชูุฌูู ูุงูุชุทุงูู. ููุง ุฑูุช ููุฏู ุงูุณุชู ุชุฑูุญ ุนูุฏ ุณุนุฏ ุชุนุจูุฑูู ุนู ุงูุชุนุงุถูุง ูู ุงููุถุน. ุจุณ ุจุชุฎุงู ูุฃู ุณุนุฏ ุนูุฏู ุฒุนุฑุงู ุงูููุฉ ุงูุถุงุฑุทุฉ.,neutral
ููู ุจูุชูู ุน ุฑุจูู ุจุนูุฑู ูุง ุฑุญ ููุฏู ููุง ุฑุญ ูููุณุฑ ุฎูู ุฅููุงูู ุจุงููู ูุจูุฑ ูุญุฏู ููู ูุงุฏุฑ ูุฑูุญู ุงูุชุฑ ูู ุงู ูุฎููู ... #batroun #ูุจูุงู_ุงูุญูู๐ฑ๐งโค๏ธ,ูุณุนุฏ ุตุจุงุญู ุฑูุชุง ๐ท,positive
ูุฌุฃุฉ ูุจุนุฏ ุฑูุน ุงูุฏุนู ุตุงุฑ ูู ุญููุจ ุงุทูุงู ูุชู ุงูุดุชู ู ููู ูุง ูุงู ุจุชูุงูู! ุจูุฑุง ุจูุตูุฑ ููู ุจุงูุจูุฒูู!,ุจุฏู ุญููุจ nan nestle 3 ูุจูุช ุงุจูู ...ุนู ูุดุฑุจูุง ุญููุจ ุณุงุฆู ...ูุงููู ุญุฑุงู ุนูููู ูุงููุญุงูุฑูู ุงููุฌุฑุฉ ูุนูููุง ููู ุจุฃุทูุงููุง,no_ref
ูู ุดุฎุต ูููุง ุนูุฏู ุตุฏูู ุฃู ูุฑูุจ ุจุทุฑุงุจูุณ ูุฌุฑุจ ูุนูู ุงููุณุชุญูู ููููุนู ูู ุญูู ุงูุณูุงุญ ูุงูู ุงููุงุฏ ุงููุญุจุฉ ุจุบูุฑ ููุงุทู ูุฑุงูููู ุนูู ุงูุงูุชุชุงู ู ุงูููุถู ุจุฏุฃ ูู ุทุฑุงุจูุณ ุจุงูุงุฎุฑ ุฑุญ ูููุช ุดุจุงุจ ุจุจูุงุด,ุงููู ูุจุงุฑู ููู ุดุฑูู ูููุชุฑ ูู ุฃูุซุงูู ๐๐โโ๏ธ,positive
ุชุงุจุนููู ุงูุงู ุนูู ุฑูุณูุง ุงูููู,ุชุถุฑุจ ุงูุช ู ุฑูุณูุง ูุงูููู,negative
ููู ุงููุณุงุฏ ุจุฏู ูุนูุด ูุชูู ุฅุฐุง ุตุฑูู ุดู ูุง ูุจูุฑ ? ุงููู ูุฑุฏ ุนูู ๐,ุฅุฌูุฏูู ูู ุฑุฃุณ ุงูุฃูุนุฉ ูุง ุญู ุจูุจูุงู ุจูุฌูุฏู ููู ุฑุจ ุงููุณุงุฏ ูุงูุณุฑูุงุช ูุฃุณุงุณ ุฏูุงุฑ ูุจูุงู ูุดุนุจู ููู ูู ูุนุฏ ุจุชูุดูู ุงูุนูุฏ ูุณูุฏูุน ุงูุซูู,neutral
ูููู ูุฒุนูุฌ ูู ุงูุนูุด ุงููุดุชุฑู #ููู_ููู,ุงูุช ูุญุชุฑู ุงุณุชุงุฐ ุฑูุฏูู. ูููู ุงููู.,positive
ุตุจุงุญ ุงูุฎูุฑ๐น ุฃูุฑุงุก ุงูุญุฑุจ ูููููุดูุงุช ุงูุณูุงุญ ูุงููุงู ุณุงุจูุงู ูุง ุจุญูุงุชูู ุจูุจููุง ุฏููุฉ ุงูููู... ูุง ุฌูุงุนุฉ ุงูุฎูุฑ ุงูุชูุนูุง ๐ฑ๐ง,ูุนู ุญู. ูุณุนุฏ ูุณุงู ๐น,positive
ุงูููู #ูุงูุฑูู ุญุฏูุซ ุงููุฑุฉ ุงูุฃุฑุถูุฉ ุจุนุฏ ุชูููู ุตูุนุฉ ุนูู ูุฌูู ูู ููุงุทู ุบุงุถุจ ูู ูู ุงูุฒุนููุ ุงูุญุงููุ ุงูุฑุฆูุณุ ุงููุฒูุฑุ ุงููุงุฆุจุ ุงูุนุงูู ูู ุงููุฌุงู ุงูุนุงู ุงูุฐู ุชูุฏ ุตูุนู ุฃูุงู ุนุฏุณุงุช ุงููุงููุฑุง ูุงููู ูุง ูุดุชุฑู ูุชูุฑุฌ?,ููู ูุนูู ููู ุตูุนุฉ ุชุงุฎุฏูู ุนุง ูุงุฑ ุฌููู,no_ref
ูุฑุฉ ุจุงุจุง ููู : ุทุงููุง ุงูุชู ูุด ุบูุทุงูุฉ ุจุญู ุญุฏุง ุฎูู ูุถูู ุฒุนูุงู ูุญุฏ ูุง ุงูุฒูู ูุฑุงุถูู #ุชุตุจุญูู_ุนูู_ูุง_ุชุชูููู,ุตุญ ูุงูุชู ุจุฎูุฑ ๐น,positive
ุชุญูุฉ ูุงุฏุงุฆูู ๐,ูุทูู ุจุนูุฑู ุญููู ูุฑุญ ูุถู ูุญูู ุจุฑูู ูุฎูู ุงูููุงุจ ุชูุจุญ ูุฏ ูุง ุจุฏูุง,positive
ููููุก ุงูุฌูุงุฑู ุนูู ุถุจุท ุดุญูุฉ ุงููุจุชุงุบูู ููุทุงูุจ ุงูุฃุฌูุฒุฉ ุงูุฃูููุฉ ุงูุชุนุงุทู ูุน ููู ุงูุชูุฑูุจ ุฅูู ุงูุฏูู ุงูุนุฑุจูุฉ ูุฎุงุตุฉ ุงูุฎููุฌูุฉ ุจุฃูู ุฃูู ูููู ูุฃูู ุฅุฌุชูุงุนู ูุจูุงูู .,ููู ูุงูุญูู ูุญูููู ุงู ูุง ูุง,negative
ุตุจุงุญ ุงูุฎูุฑ ูู ุฅุญุฏู ุฃุฌูู ููุงุทู ูุจูุงู...ุนููู ุงูุณูู - ุงูุถูููุฉ๐ฑ๐ง,ุฃููู ููููู ูุชุจุฑู ูุจูุงู ููู,positive
ุฒูู #ุฅูุฑุงู ูุงูุฏููููุฌูุชูุง ูุฏ ูููุ ูุฏุฎููุง ุนุตุฑ ุฃุณูู ูู ูุฎุทุทุงุชูุง ุนุตุฑ #ุงูุณูุงู ูุงูููุฏุฉุ ูููุง ูุณุชุดูุฏ ุจููู ููุฅูุงู #ุนูู_ุจู_ุฃุจู_ุทุงูุจ: ูุงููุน ููู ุจุนุถ ุงูููุงุนุฉ ุฑุงุญุฉ ูุงููุฃุณ ููุง ูุงุช ููู ุงููุทูุจ,ูู ูุชู ุจุชุนุฑู ุงูุฅูุงู ุนูู ูุง ูุณุฎ ุงูุฅูุงู ุนูู ุฑุฌู ุนุธูู ู ุงูุชู ู ุฏููุชูู ุงูู ูู ุญุดุฑู,negative
ุงูุตุญุงููุฉ ุงูููุฏุณูุฉ ุงูุญุฑุฉ #ุฌููุงุฑุง_ุงูุจุฏูุฑู ุงูุญูุฏููู ุนูู ุงูุณูุงูุฉ โค๏ธ,ูุง ุฌุจู ูุง ููุฒู ุฑูุญ ุงูู ุณูุงูุฉ ุนูููู ูุง ุฑุจ,positive
ุฌูุงุฒ ุงูุฃูู ุงูุงุณุฑุงุฆููู ูุณุงุนุฏ ุฑุฆูุณ ุณูุทุฉ #ุฑุงู_ุงููู ูุญููุฏ ุนุจุงุณ ุฃุจู ูุงุฒู ูู ูุญุงุฑุจุฉ ุจุนุถ ุงููุนุงุฑุถูู ูุนุตุงุจุชู ูู ุฃูุญุงุก ุงูุณูุทุฉ ููู ุจุงูููุงุจู ูุณุงุนุฏ #ุงุณุฑุงุฆูู ุจุญุฑุจูุง ุถุฏ ุนูุงุตุฑ ููุฑุจุฉ ูู ุงูุงุฎูุงู ูุงูุงูุฑุงูููู ูู ุตููู ุงูููุณุทููููู ูู ุงูุญุงุก ุงูุนุงูู...ุงูุฑู ูุฐุง ุงูุดุฎุต ููุท ูุงูู ุงูุซุฑ ุตูููููุง ููู,ูู ูู ูุฑุฉ ูุฎุณุฑ ุนุจุงุณ ุดุนุจูุชู ุชุชุฏุฎููู ุงูุชู ู ุชูุงุฌูููู ูุชุฑุชูุน ุดุนุจูุชู ุนูุฏ ุดุนุจู ๐ุงูุชู ูุง ุชูุฑููู ุนุจุงุณ ูุงู ุนุจุงุณ ุงุฐุง ุฐูุจ ูู ุชุฌุฏูุง ูุซููู ูุทูุนูู ุทุงุนุฉ ุนููุงุก.,neutral
ุชุฑู ุงูุฌูุด ูุงูุฃุฌูุฒุฉ ุงูุฃูููุฉ ุฏูู ุฏุนู ูุงูู ุฎุทูุฑ ุฌุฏุงู ูุณูุคุฏู ุฅูู ุดูู ุงููุคุณุณุงุช ููุฌุจ ุฃู ูุชูุจู ุงูุฅุชุญุงุฏ ุงูุฃูุฑูุจู ููุฐุง ุงููุงูุน ููุณุงุฑุน ุฅูู ุงูุนูู ูุนุดุฑุงุช ุขูุงู ุงููุจูุงูููู ูุงูุณูุฑููู ูุงูููุณุทููููู ูุญุงูููู ุงูุฅุจุญุงุฑ ูุจูููู ุนุณูุฑููู . ุงููุถุน ุฃุฎุทุฑ ููุง ูุชุตูุฑ.,ูุนุงููู ูููุง ููุนุฑู ุงูุญู ูู ููู ุจุจูุดุ ูููุด ุงููู ูุงูุฏูุฑุงู ูุญููู ุงูุชุฑููุน?,neutral
ุงูุฑุฆูุณ ุนูู ูุงูู ุนูู ุงุณุชุตุฏุงุฑ ููุงููุฉ ุงุณุชุซูุงุฆูุฉ ูุฅุนุทุงุก ูุคุณุณุฉ ููุฑุจุงุก ูุจูุงู ุณููุฉ ุฎุฒููุฉ ูุดุฑุงุก ุงููุญุฑููุงุชุ ูุจุงูุชุงูู ูุฅู ุฃุฒูุฉ ุงูููุฑุจุงุก ุงูู ุงููุฑุงุฌ,ูุตุฏู ุฅููุฑุงุฎุ ูู ูุฑุฎ. ูููุตูุง ุงูุจูุถุงุช ุจุดุฑูุฉ ุงูููุฑุจุง?,neutral
ุญุฑูุฉ ุญูุงุณ ุงูุงุฑูุงุจูุฉ ุญูุฑุช ุงููุงู ูู ุชุญุช ูุฏุฑุณุฉ ุชุงุจุนุฉ ูููุงูุฉ ุงูุบูุซ ูุนุฑุถุช ุงูุงููุงุฏ ุงูุชูุงููุฐ ูุฎุทุฑ.,ุฏูุชูุฑ ุงุชูู ูุนู ุฃููุง ุฅุฑูุงุจูุฉ ุจุฏูู ุดู,positive
ุจูุง ุงูู ูุตุฉ ุงูููุฑุจุง ูุทููุฉ ููู ุจูุนุฑู ูุน ููู ูุงุฒู ูุญูู ุจูุจูุงู ููุฑูุจ ูุธุงู ุทุงูุฉ ุดูุณูุฉ? ุดูุฑุง ุณููุง ููุฑุฏูุฏ ูุงูุดุง ุงููู ูุฌู ููู ูุง ูุนูุฏ ูุนูุฒ ูุงููุงุช ุงูููุชูุฑุงุช ูุงููุงุฒูุช ูุดุฑูุฉ ุงูููุฑุจุง,ูุธุงููุง ุงูุฎุงุต ุจุงูุชุบุฐูุฉ ุงูููุฒููุฉ ๐,no_ref
ุชุฑูุจูุง ุจุนุฏ ูููู ูููุฉ ูุจุงุดุฑุฉ ูุฑุฆูุณ ุงูุชูุงุฑ ุงููุทูู ุงูุญุฑ ุงููุงุฆุจ ุฌุจุฑุงู ุจุงุณูู,ูุจู ูุง ุชุญูู ุชุญููุฉ ููุงุณููู ุงููุตุฑู ู #ุชูู_ุนููู,negative
ุจุงูุงูุณ ุฃูููุฏุช ุงููุงุถูุฉ ุนูู ููุงูุช ููุงูุฉ ุงูุญููุฏูู ูุงูุขู ุฃุคูุฏ ุงููุงุถู ุจูุทุงุฑ ูู ุงููุฌุงุฑ ุงููุฑูุฃ ูุบุฏุงู ูุน ุณุฃููู ูุน ุงู ูุงุถู ุดุฑุท ูุดุชุบู ููุตูุญุฉ ุงูุจูุฏ ูุงูุนุฏุงูุฉ ููู ูุง ูุงู ููุฏุง ุงููุงุถู ูุดู ูุง ูุงูุช ุทุงููุชู ูุงูุชูุงุกู...ุฃููุง ุงูุญููุฏูู ุชุนูููู ููุฑู ุตุญู !,ุงููุดูู ุฅูู ูุง ุจูููุฑู ๐ค ุงูููู ูุตูุญุฉ ุงูุจูุฏ ูุงูุดุงููู ููุตูู ููุชูุฌุฉ ุจุงูุชุญููู,no_ref
ูููู ูููุง ูุญุงูู #โค๏ธ,ููุฉ ุจุงูููุฉ ๐ฏูุงูุช ุงุณุชุงุฐ ูุฏูุน ูุทูู ูุตูุจ ููุชุฎุฑ ูููู ๐ฑ๐ง๐ฑ๐ง๐ฑ๐ง๐ฏ๐ฏโ๏ธโ๏ธโ๏ธ,positive
ุงูู ุจุณุชูุทููู ูุญุท ููุทุฉ.,...ุทุจ ุงูู ๐๐,no_ref
ุนุงูููู ูููุงู ุฃูุฌุงุน ุชุจูู ูู ุงูุตุฏูุฑ ูุง ูุดูููุง ุงูุจูุญ !! ุจู ุชุดูููุง ุฃุถูุงุนู ๐ค #ุดููุฉ_ุญุจ,ุถููุนู ูููุฉ ุฌุฏุง ูุฃุนุงููู ูุชููู ูู ุนุงุทูู ูุญุจู ููุฑูุญ ๐ค๐๐โค๏ธ๐๐๐น๐น,positive
ุงูุฑุฆูุณ ุนูู ุงูุชูู ุงููุงุฆุจ ุงุฏูุงุฑ ุทุฑุงุจูุณู ูุงุทูุน ููู ุนูู ุฅูุฑุงุฑ ูุฌูุฉ ุงูุชุฑุจูุฉ ุงูููุงุจูุฉ ููุงููู ุงููููุฉ ุงูุชุฑุจููุฉ ูุงูุฐู ุณุชููู ูู ููุงุนูู ุญุงุณูุฉ ุจููู ุงููุณุงุฏ ูู ุงููุทุงุน ุงูุชุฑุจูู ูุฏุนู ุงูุชุนููู ูุงููุงู ูู ุงููุทุงุนูู ุงูุฎุงุต ูุงูุนุงู,ุงูุชู ุตุญูุช . ุฎูููุง ูุงูููู ูุจูููู ุชุตุงุฑูุญ ุจุฏูู ูุนู ...,negative
ุตุงุฑ ูู ููุงุจุฉ ููููุฑุจูู ุฃู ุจุนุฏ !?,ุจุนุฏ ุนู ูุนููููู ุงูุชุญุงู ุงูุชุฎูู,no_ref
ุจุนุฏ ุงุณุจูุน ุจุฏู ุงููู ุนุฑูุงุจุฉ ูุจูุช ุงุฎุชู ูุฌูุฒู ูุงููุฑุญุฉ ูุด ุณุงูุนุชูู ูุฃูู ุงูุง ูุญูุฏุฉ ุจูุงูุญูุงุฉ ุจุงุจุง ุฌุงุจูู ููุฏูโบ๏ธ ูู ุดูู ุชุนู ุฑูุชุง ุงูุชู ุงูุนุฑุงุจุฉ ุฑูุญู ุฑูุชุง ุงูุชู ุงูุนุฑุงุจุฉ ุฎุฏููุง ูุดูุงุฑ ุงูุชู ุงูุนุฑุงุจุฉ ุนู ูููุฑ ูููู ููุฑูุง ุจุงูููุถูุน ูููุญ ูุงูู ุจููููู ุงูุจูุงุช ุจูุทูุนูุง ูุนุฑุงุจุชูู๐๐tarala  #ูุชูุฑ_ูุจุณูุทุฉโบ๏ธ,ุนูุงุฏุฉ ูุจุงุฑูุฉ ุณูู ๐ ุฅุญุณุงุณ ูุชูุฑ ุญูู ุงููู ูุฏูููุง ุนูููู ูุงููุนูุฉ ุจุทูุจุฉ ุงูููุจ ๐งก๐,positive
ุงุญูู ุตุจุญูุฉ ูุฏุงู ุงูุจุงุจ ุจุฑุง ุจุงูุฌุจู ุนูุง ูุน ุงููุงูุง ูุฑุงุฏูู ุนู ุจูุฎุดุฎุด ุนูู ุฑุงุณู ุนูู ุบููุฉ ุงุญุจู ูุญุจ ูู ููู ูุญุจู ๐ฅบ ูุง ุจุฏู ุญุจู ููุง ุจุฏู ุชุญุจูู ุจุฏู ูุงู๐ฅบโ๏ธ #ุจูุช_ุงูุฌุจู_ุญูุงูุง #ูุจูุงู_ุงูุญูู๐ฑ๐งโค๏ธ,ูุจูุงู ูููุงูู ูุจูุงู ุขู ูุบุงุฑ ูููุง ุงูุญูู ูุณุนุฏ ุฃููุงุชู,positive
ุญุฒุจ ุงููู ูุฑุตุฏ ุชุญุฑูุงุช ุงูุจุทุฑู,ูุนูู ุชุงุฑู ููุถูุน ูุณูุฑุฉ ุงูุฃุนูุงู ู ููุถูุน ุงูุฅูุชุฎุงุจุงุช ุงูุฅุณุฑุงุฆูููู ... ุงูุฎ ูู ุงููุถุงูุง ุงูุชู ุชุฎุต ( ุจูุฏู ) ู ุดุบุงู ุชุบุฑูุฏ ุนู ุงูุดุคูู ุงูุนุฑุจูู ๐ค ูุงุฐุง ูุนูู ูุฐุง ูุง ุนุฑุจ ๐คฆโโ๏ธ,neutral
ููู ุฃุญุฏ ุนูุฏ ุญูุงุชู๐ฅบ๐ฅบ,ุงููู ูููู ูุนู ุฑุชุฑูุชูู๐๐,positive
ุตุจุงุญ ุงูุฎูุฑ...ุจูุฏุฉ ุจูุช ุฌุจูู ุงูุฌููุจูุฉ...ุงุฑุถ ุงูุจุทููุฉ๐ฑ๐ง,ูุณุนุฏ ุตุจุงุญู. ุดูุฑุงู ุนูู ุตูุฑ ุงูุจูุฏุงุช ุงููู ุจุชูุฑุญ ุงูููุจ ูู ุงูุตุจุญ โค๏ธ,positive
ุงููุบูุจ ูู ุจูุฏุฉ ุบูุณุทุง ุงููุณุฑูุงููุฉ ุงูุฑุงุฆุนุฉ ูุชุฑุชูุน ูุง ุจูู 750ู ู 1000ู ุนู ุณุทุญ ุงูุจุญุฑ ูุชุชููุฒ ุจุทุจูุนุชูุง ุงูุฎุถุฑุงุก ููููุนูุง ุงูุฌุบุฑุงูู ุงูุฑุงุฆุน ุญูุซ ูุทู ุฃุฌุฒุงุก ูู ุงูุจูุฏุฉ ุนูู ุฎููุฌ ุฌูููุฉ ูุณุงุญู ูุณุฑูุงู ูู ุฌูุฉ ุงูุบุฑุจ ูุนูู ุฌุจุงู ูุณุฑูุงู ูู ุงูุดุฑูโค๏ธุงูุตูุฑุฉ ุงุฑุณูุชูุง ุงูุตุฏููุฉ,ุฃูุง ุนููุช ุฃูุจูู ุฎุงุต ุนูู ุบูุบู ููุชูุฒ ุนูุฏู ุจุงูุชูููู ุ ุจุญุท ููู ุตููุฑ ุงูุทุจูุนุฉ ุงููุจูุงููุฉ ุงูุฎูุงุจุฉ ุ ูููู ุจุชุญุทูู ุฅูุช ุนูู ุญุณุงุจู ุจุชููุชุฑ (ููู) ๐๐,positive
ุฏูุนุชููู ูุชูุฑ ูุง ุฎููุฌููู,ุงุฐุง ูุงูุตู ุฏูุน ุจูุฏูุนู,neutral
ุฅูุบุงุก ุงูุฏุนู ูุจู ุงูุจุทุงูุฉ ุงูุชูููููุฉ ูุบุงูุฑุฉ ุฎุทุฑุฉ ูุบูุฑ ูุญุณูุจุฉ . ููุชู ููุฑุฌ ูุฌูุณ ุงูููุงุจ ุนู ุงูุจุทุงูุฉ?.,ุฏููุชู ูุง ุฑุญ ููุฑุฌ ุนููุง,no_ref
ูุง ุณุงุฏุฉุ ูุญู ูุฑู ูู ุงูุณูุฏ ุญุณู ูุตุฑุงููู #ุนุจุงุณ_ุนุตุฑูุงุ ุงูุฐู ุณููุตู ูุฑุจุฉ ุงููุงุกุ ููู ุชูู ุจูุฌูู ุฌููุด ูุฒูุฏูุฉ. ูุญู ูุนุฑู ูู ูููุฏ ุงููุณูุฑุฉุ ููู ูุนุฑููุง. ูู ูุฑุงูู ุนูู ุชูููู ุจูุฆุฉ ุงูููุงููุฉุ ุนููู ุฃู ูุนู ุญูููุฉ ูุฌููุฑ ุงูุนูุงูุฉ ุจูู ููุงุฏุชูุง ูุจูููุง.,ุตุญูุญ ููู ุณูุงุณุฉ ุจุฑู ุงูุฏุงุฎููุฉ ูุชูุณูู ุจุณุนุฏ ุงูุญุฑูุฑู ุจุฏูู ุถูุงุจุท ูุณูุก ููุตุฏุงููุฉ ุงูููุงููุฉ ูู ูุญุงุฑุจุชูุง ููู ููุจูุง ุงูุดุนุจ ุงููุจูุงูู,no_ref
ุฒุฑูุง ุจุชูููู ูู ุฑุฆูุณ ุงูุชูุงุฑ ุงููุทูู ุงูุญุฑ ุงููุงุฆุจ ุฌุจุฑุงู ุจุงุณูู ุงูุฃุจ ุจุดุงุฑุฉ ุงูุฎูุฑู ุฑุฆูุณ ุฌุงูุนุฉ ุณูุฏุฉ ุงููููุฒุฉ nduุ ูุชู ุงูุชุทุฑู ุฅูู ุงูุฃูุถุงุน ุงูุณูุงุณูุฉ ูุงูุงูุชุตุงุฏูุฉ ุงูุตุนุจุฉ ุงูุชู ููุฑู ุจูุง ูุจูุงู ุฅุถุงูุฉ ุฅูู ุงูุฎุทูุงุช ุงูุชู ูููู ุจูุง ุงูุชูุงุฑ ุงููุทูู ุงูุญุฑ ูุชูุชู ูุจูุงู ุงูููู ูุชุฃููู ุงูููููุงุช ุงูุถุฑูุฑูุฉ ููููุงุทููู.,ูููู ุงูุชูุซูู ูุงููุฐุจ ูุงูุณุฑูุฉ,negative
ุชุฐููุฑูุง ููุงูู: ุดูููุง ูุน ููู ุนู ูุชุญุงูููุง ุฎุท ุฃุญูุฑ ููุฅูุชุฎุงุจุงุชุ ุจุชุดูููุง ุฅูู ุจุงูุญูููุฉ ุฎุท ุฃุฒุฑู.  #ููุฑูุง_ููุง,-ูุชู ูุง ุงูุชูุง ุนููุชูุง ุชุณููุฉ ูุน ุงูุฎุท ุงูุงุฒุฑู ุงููุงุณุฏุุจูุงุน ุงูุตุฑุงูู ุงูุฑูุงุถูุฉ ูุง ุนูุฏู ูุดููุฉ ุงุฐุง ูุงู ุบูุงู ููุฎุท ุงูุงุฒุฑู -ูุญูุง ุงูุชุฎุจูุงูู ุญุชู ุชุฏุงูุนูุง ุนูุงุููุชูุง ุงุฎุชุจุฃุชู ูุฑุงุกูุง -ูููู ูุจุงุณูู ูุนูู ูุณูููููุง ุงูุชูุงุฑ ููุญูุง ููุนุฑู ูุชุตุฑู ุฏุงุฎู ูุฌุชูุนูุง:ูููุฑุฌู ูู ูุงุญุฏ ุญุฌูู ูู ุจูุงุน ุตุฑุงูู ูุตุงุญุจ ุงูุจุฑ ุดุฑูุฉ,negative
ููุงุจูุง ุงููุฑุงู ูุงุฌุจุงุชูู ุชุฌูุณู ุณูุง ูุชูุชุดู ุนู ุญูู ุจุฏู ูุง ุชูุฌูุฑู ุงุญูุงุฏูู ุนูู ุชููุชุฑ ูุงูุดุงุดุงุช !,ุฃูููุฉ ูู ุชุชุญูู ูู ูุฐุง ุงูุฒูู,no_ref
ุงูุฌููุง ุจุดุงุฑุฉ ูุดุฑุช ุตูุฑุฉ ุงูุดูู ุงููู ุจุชุญุตู ุนููู ูููุฉ ุดูุฑูุฉ ูุจูุงุชูุง ูู ูุงุฆู ูููุฑู 6 ููุงููู ุจุนูู 350 ุฏููุงุฑ ูุฅุนุงูุฉ ุทููุชูู ูุง ุงุตุนุจ ุทูู ูุนูุด ุจููุฑ ูุฃุจูู ุงุบูู ุงูุงุบููุงุก,ูุง ุงุตุนุจ ุทูู ูุนูุด ุจููุฑ ูุงุจูู ุงุบูู ุงูุงุบููุงุก ุญุถุฑุชู ูุชุจุชู ูุงูุฌููุฉ ุจูุงูู ููุงูู ุงูุนูููุฉ ูุงูุชู ููุชูุนุฉ ูููุง? ุงุฐุง ุงูุฌูุงุจ ูุนู ุจูููู ูู ูุดููุฉ ูุจูุฑุฉ!! ูุงุฆู ูุด ูุงุทุฑ ุญุฏุง ูุฏุงูุน ุนูู! ูุฑูู ูุฃูุนุงูู ุจุชุฏุงูุน ุนูู ูู ุฃุจ ูุจู ูุง ูููู ููุงู ููู ุงุจ ุจููุญุช ุจุงูุตุฎุฑ ูุฑูุงู ููุงุฏู... ุนูุจ ุชูุชุจู ููู ุญูู ูุงุถู!,negative
ุญุงู ุงูุณูุทุฉ #ูุด_ููู ??,ุณูุทุฉ ุฎููุฉ ูุญุฑุงููุฉ,neutral
ููุนูุงุฏ ุนูู ุฃููู ูุญู ูุง ูุซู ุงูุง ุจู ูุงููุงููุง ุจูุฏุฑุชู ูุง ููุชุฒ ูุงูุณููุฉ ุงูุดุชุงููู ูุง ููุซููู ุงูุง ููุฉ ููููุฉ ูููุง ุงูุฃูุซุฑูุฉ ุนูู ูููู ุงูู ูู ุชุณูู ุฏูุงุกู ููู ุชูุฏ ูุฏู ุนูู ุงููุงู ุงูุนุงู,ุงูุชู ุงูููุฉ ุงูููููุฉ ุงููุงุณุฏุฉ ุงููุชูุชุนุฉ ุจุงูุณูุทุฉุ ู ูุญูุง ุงูุดุนุจ ููููู ุงุฑุญู ูุง ุนูู ูุชู ูุง ุฑุญู ุงููุฐุงูู...,negative
ุฃูู ุทุงูุจ ุฅูุงุฑุงุชู ูุจุฏุฃ ุฏุฑุงุณุชู ูู ุฌุงูุนุฉ ุฅุณุฑุงุฆูููุฉ. ููุตูุฑ ุจู ุดุงูุฎ ุงููุฑุฒูููุ 19 ุณูุฉุ ูุตุจุญ ุฃูู ุทุงูุจ ุฅูุงุฑุงุชู ูู ูุนูุฏ ูุฑุชุณูููุง ุงููุชุนุฏุฏ ุงููุฌุงูุงุชุ ูุฃูููู ูู ุญูู ุงุณุชูุจุงู ุญุถุฑู ุณููุฑ ุงูุฅูุงุฑุงุช ูุญูุฏ ุงูุฎุงุฌุฉ,ุฃูู ุทุงูุจ ุงูุงุฑุงุชู ูุฏุฑุณ ุงูุนูุงูุฉ ูุงูุฎุถูุน,no_ref
ุณุชุจูู ุงููุงุน ููุนุฉ ููุงููุฉ ูุตููุฏ!,ุงุฎุจุฑูุง ูู ุงููู ุงูุชูุฌูุฑุงุช? ูุด ุงูุช ููู ููุช ุชููู ุนู ูุคูุงุก ุงูุชูููุฑูู ุซูุงุฑ? ูููุญูู ุงูุงุฎูุงู?,neutral
ูุฎูู ุงูุฒููู ูููุน ุงุฏุฎุงู ุงูุจูุฒูู ูุงููุงุฒูุช ๐,ูุจููุฑ ูุง ุณูุฏ ๐ ุญุถุฑุชู ุงูุนูููุงู ูุงูุงูู ๐,positive
ููุชุจ ุงูุฅุนูุงู ูู ุงูุฑุฆุงุณุฉ: ุงู ุฑุฆูุณ ุงูุฌูููุฑูุฉ ุงูุฐู ูุนูุด ูุนุงูุงุฉ ุงูุดุนุจุ ุญุฑูุต ุนูู ุงูุดุงุก ุณูุทุฉ ุฅุฌุฑุงุฆูุฉ ูู ุฎูุงู ุญูููุฉ ุงููุงุฐูุฉ ูุงุฏุฑุฉ ุนูู ุชูุฏูู ุญููู ููุงุฒูุงุช ุงููุนูุดูุฉ ูุงูุญูุงุชูุฉ ุงูุชู ุจุงุชุช ุชุดูู ุฎุทุฑุงู ุนูู ุญูุงุฉ ุงููุจูุงูููู ูุนูุดูู,ูุนู ุถุฏ ููุธููุฉ ุงููุณุงุฏ,positive
ุดุนุงุฑุงุชูู ุนูุงูููุงุตูุฉ ูุฐุจุ ุดุนุงุฑุงุชูู ุนูุงููุดุงุฑูุฉ ูุฐุจุ ุดุนุงุฑุงุชูู ุนูุงูููุซุงููุฉ ูุฐุจ! #ุณูุท_ุงูููุงุน,ููุงุฐุง ุงูููุงุตูุฉ? ูู ูุฐู ูู ุงูุฏููููุฑุงุทูุฉ? ุงูุชู ุชูุจููู ุจูุธุงู ุทุงุฆูู ู ุนูููู ุฃู ุชุชุญูููุง ุชุจุนุงุชู,neutral
ุฅูุฑุงู ุชุชูุฒู ูู ุงูุฏุงุฎู,ููุง ุฃุฏุฑุงู ูุง ูุฐุง? ููุง ูุฐู ุงููุจุงูุบุฉ? ูุฐุง ุจุงูุถุจุท ูุง ูุนูุชููู ูู ุณูุฑูุฉ!,neutral
ุงูููุฉ ุงููุตุฑูุฉ ุงูุนุฑุงููุฉ ุงูุฃุฑุฏููุฉ ุฎุทูุฉ ุฌูุฏุฉ ูุญุชู ุชูุชูู ูุทููุจ ุฅูุถูุงู ุณูุฑูุง ููุจูุงู ููุง ูุฅูุดุงุก ุณูู ูุดุชุฑูุฉ ุชูุชุญ ุขูุงูุงู ูุจูุฑุฉ ูุดุนุจูุง ูู ูุฐู ุงูููุทูุฉ (ุงูุดุงู ุงูุฌุฏูุฏุฉ) ูุฐุง ูู ุงููุณุชูุจู ุงูุฅูุชุตุงุฏู ููุง ุชุชุฑุฏุฏูุง ูู ุงูุณุนู ูุฑุงุกู.,ุงูู ุงูุช ูุง ุญูุงุฑ ูุงู ุนู ุชุญูู ...,negative
ููุชุงูู ุจูููุช ุงูุฐู ูู ุงูููุฑูุถ ุงู ูุตุจุญ ุฑุฆูุณ ุญูููุฉ ุงูุนุฏู ุงุฐุง ูู ุชุญุฏุซ ุงู ููุงุฌุขุช ูุญูู ูุฐู ุงูุตูุฑุฉ ุนูู ูููุน ุชููุชุฑ ุทุงูุจุงู ุงูุนูู ูู ุงููู... ูููู ููููู ... ุจุณ ููุด ููุฒู ุงูุฏู ุจุดุงุฑุทูุทููู ูุง ุจุนุฑู ๐คฆ๐ป ุงููุตูุจุฉ ูุทูุน ุชูุฒูู ุงูููุฑุจุงุก ุนุงูุงูุฏูู ุดู ุทูุณ ุฏููู๐,ููุฏุง ุงููู ูุงูุญูู ููู... ุงููุณุฎุฑุฉ ุทุจุนุงู ูุงุถุญ ุงููู ูุงุดููู ุญุชู ุจูุฌุชูุนุงุชูู ูุจูุฆุชูู... ูู ุงูุชุฑุถูุง ุทูุน ุญุฏุง ููุงู ูุซู ุงูุดูุนุฉ ุงููู ุจุญุทูุง ุญุฌุฑ ูุจูุตููุง ุนููู,negative
ุชูุตูุงุชูู ูุณูุณู ูุงุฏู ููู ุงุฌูุงุก ุทุจูุนุฉ ูุง ูู ุนูู ููุง ูุชู ููุง ููููุฏู ููุง ุณูุงุณุฉ ููุง ูุฎุฏุฑุงุช ููุง science fiction ูุดูุฑุง ุณููุง,ูููู ุชุดููู ูุฏูู ููุงู,neutral
ูู ุงููุคุณู ุญูุงู ุงู ูุชุญุฏุซ ุงูุฑุฆูุณ ุจุฑู ุนู ุนุฏู ุญู ุฑุฆูุณ ุงูุฌูููุฑูุฉ ุจุงูุญุตูู ุนูู ูุฒูุฑ ูุงุญุฏ ูู ุงูุญูููุฉ ูุจุฑุฑุงู ุฐูู ุจุนุฏู ูุดุงุฑูุชู ูู ุงูุชุตููุช,ุจุฑู ุงูุช ูุงูู ููู ุนู ููุดุงู ุณูููุงู ุจุณ ูุงู ุฑุฆูุณ,neutral
ุตุฑูู ุณุงุนุฉ ุนู ุจุชุญุงูู ูุฑูุงู ูุงู ุดูู ุงุฑุชุงุญ ุงูู ูุง ุบููุช ุจูุฏู ุงูุชูููู ุจุชุทูุน ุนูุชู๐ด: _ุดู ูุงููุฉ ูููู ๐ง _ุงูู ุนูุชู ุดู ุจูู ๐ฅบ _ููุด ูุงููุฉ ุ ููู ุจููุงู ููุฏุง ุงูููุช !! ูุง ุฑูุช ูููู ุงูุง ูุงู๐ก _ุนูุชู ูุงููุฉ ููู ุชุนุจุงูุฉ ูุทูุน ุนุจุงูู ุจูู ุดู?? _ุทูุจ ููุง ุจุงู... _๐ #ุงูุง_ุดู_ุนุงููุฉ_ุจุญูุงุชู_ูููู_ุญุธู๐ฅบ๐ฅบ,ูููุญ ูุง ุนูุฏู ุนูุงุช ุงููู ูุนููู ๐๐ ูุณุนุฏูู ูุณุงูู ุฑูุฑู โค๏ธโค๏ธ,positive
๐ดุงูู ูู ุงููุจูุงูููู ูู ุฏูู ุงูุฅูุชุดุงุฑ: ูุง ุชุตุฏูููุง ุฃุจูุงู ุนููุงุก ุงูุณูุงุฑุงุช ูุงููุฎุงุจุฑุงุช ุงูุฃุฌูุจูุฉ ูู ุงุนูุงูููู ููุงุดุทูู ููุดุงููุฑ... ูู ูุชุขูุฑูู ุนูู ูุจูุงู ุงููููู ูุงููุบุชุฑุจ ููุฅูุนุงู ูู ุชุฏููุฑ ูุง ุชุจูู ูู ูุฐุง ุงููุทู ุชูููุฐุง ูููุดุฑูุน ุงูุดูุทุงูู ุงูุฐู ุจุฏุฃ ูู #17_ุชุดุฑูู. ูุจูุงู ุจุงูุชุธุงุฑูู ูุซููุง ูู ๐ฑ๐ง ุฅูู ูุจูุงู.,ูุงูุฏููุฉ ุฏุฎูู ูุด ุนู ุชุชุขูุฑ ุนูู ุงููุบุชุฑุจ?? ูุจูุงู ุจุงูููุจ ุจุณ ูุด ููุชูุง...ุฎูุฑูุง ุจุบูุฑูุง,neutral
ุณุนุฏ ุงูุญุฑูุฑู ูุชูุณูู ุจุตูุงุญูุงุชู ุจุชุดููู ุงูุญูููุฉ ููุญูุง ูุชูุณููู ุจุตูุงุญูุงุชูุง ุจุงูุชูููุน ุนุง ุชุดููู ุงูุญูููุฉ ุงูุช ุถู ูุชูุณู ููุญูุง ุฑุญ ูุถู ูุชูุณููู ูููุฏ ุงูุฎุจุฑูุฉุ ูุด ุนุงุฌุจู ููู,ูุด ุณุนุฏ ุจููุฑุฑ ุณุนุฏ ุจุณ ุจููุฏุฑ ูุชููุณ ูู ุชููุงุก ุฐุงุชู ุบูุฑ ููู ุงูุณู,neutral
ููู ุญุฏุง ูุงุฒู ุน ูุจูุงู ูุญุงูู ุดูู ููููุฉ ููุญุจุฉุูุง ููุช ุชุนุฏู ูุชุงุฑ ูุงุณ ุณุงูููู ููู ููููุจูู ูููุงูุฉ ุญูุฏ ูุญุณุฏ ูุชุญุฑูุถ ูุชุจุนูุฉ ุนููุง ููู ุญุฏุง ูุงุฒู ุจููู ุชูุตู ุจุงูุณูุงูุฉ ูุฑุบู ูู ุงูุธุฑูู ุงูุตุนุจุฉ ููุณุงุฏ ุงุบูุจูุฉ ุงููุณุคูููู ุจูุจูู ูุจูุงู ุงุฌูู ุงูุงูุทุงู ุจูุงุณู ุงูุทูุจูู ูุงุฑุถู ุงูููุฏุณุฉ ุชุนู ููุทุฑุญูู ุจููุจูุง #ูุงุฒู_ุน_ูุจูุงู,ููุฏุง ุญูู . ุงููุจูุงูู ุงูุงุตูู. ุงููู ูุฏููู.,positive
ูููุง ูุจูุงู ูุชุฎุจุท ุจูุดุงูู ุนุฏุฉ ุงูุชุตุงุฏูุฉ ูุงุฌุชูุงุนูุฉ ูุณูุงุณูุฉ ูุญุชู ุฃูููุฉุ ูุง ูุงู ูููุตู ุงูุง ุฒูุงุฑุฉ ุงุณูุงุนูู ูููุฉ ููุถูู ุฅูู ูุดุงููู ูุดููุฉ ุนููุตุฉ ุงุณููุง ุญูุงุณ ุงูุฅุฑูุงุจูุฉ ุงูููุชููุฉ ุงูู ุงููุตุงูุญ ุงูุฅูุฑุงููุฉ... ูู ุงูุฒูุงุฑุฉ ููุฑูุถุฉ? ุฃู ูุญุงููุฉ ููุบููุฉ?,ูุงููู ูุง ุญุฏุง ูุงูุฑูู ูุฏ ูุง ูุงูุฑูู ุงู ุณููู ุฒุงุฑ ุดูุนู ุจูุฏู ุชุฏููุฑูู . ุนูุฏูุง ูุชุฎุฏ ุงููุณูููู ุชูุจุญ ุงูููุงุจ ุงููุณุชููุฏุฉ ูู ุฅูุชุฑุงููู .,negative
ุดู ุจุชุนููู ููุง ุชูููู ุฌูุนุงููู ?,ูุฎู ุฏุฎููู ุงุญูุง ุจุณ ูุฒูู ุจูุฑูุญ ูููู ุงูุฃุฎุถุฑ ูุงููุงุจุณ ุจุฏู ููุง ุงูุฌูุน ุดู ูุนูู ูุนูู ๐คฃ๐คฃ,positive
ุงูุฑุฆูุณ ุนูู ุฃุฌุฑู ุงุชุตุงูุงู ุจูุฒูุฑ ุงูุตุญุฉ ูุทูุจ ุฅููู ุงุชุฎุงุฐ ุงูุฅุฌุฑุงุกุงุช ุงููุงุฒูุฉ ููุนุงูุฌุฉ ุงูุงุฒุฏุญุงู ุงูุดุฏูุฏ ุงูุฐู ูุดูุฏู ูุทุงุฑ ุฑููู ุงูุญุฑูุฑู ุงูุฏููู ูุฐูู ูุฅุฌุฑุงุก ูุญูุตุงุช ุงููpcr ูุฐูู ูู ุฎูุงู ุฒูุงุฏุฉ ุฃุนุฏุงุฏ ุงููุฑู ุงูุตุญูุฉ ุงูุชู ูุชููู ุฃูุฑุงุฏูุง ุฅุฌุฑุงุก ุงููุญูุตุงุช ูุงูุงุณุชุนุงูุฉ ุจูุฑู ุฅุถุงููุฉ ูุชูุงุฏู ุฅูุชุธุงุฑ ุงููุงุตููู,ุงุญูู ุฑุฆูุณ ุจุชุงุฑูุฎ ูุจูุงู ุ ุงููู ูุทูู ุนูุฑู ููุฏูู ๐งก๐งกุนุฒู ุ,positive
#ูุชุงุฉ_ุงูุญุณูุฉ ูุชููุง ุฐูููุง ุจุฏู ุจุงุฑุฏ ููู ูุฑูุถูุง ุงูุฒูุงุฌ ุจุงุจู ุนููุง! ูู ุณูุนุชู ูููุงู ูู ุงูุนุงูู ุงูุนุฑุจู ุจูุชู ุดุงุจ ูุฃูู ุฑูุถ ุงูุฒูุงุฌ?! ูู ูุณูุน ูุฃู ุงููุดููุฉ ูู ูู ูุธุฑุฉ ุงูุงุณุชุถุนุงู ููุฌูุฏ ุงููุฑุฃุฉ ุงููุญููู ุนูููุง ูู ุจุนุถ ุงููุฌุชูุนุงุช ุฃู ุชููู ุฑูููุฉ ูุฒุงุฌ ุงูุฌุงูููุฉ ุงูุฃููู ุงูุชู ุนุงุฏุช ุจูุฏ ุงูุนูุตุฑููู ุงููุชูุฉ ููุคูุงุก!,ุฐูุฑุชููู ุจุงูุถุฑุจ ุงููู ุงููุชู ุณููู ูู ูุฑุญูุฉ ุงููุฏุฑุณู ูุงุชุฒูุฌ ุดุงุจ ูู ุงูุนุงุฆูู ูุจุนุฏ ูุนุงูุงุฉ ูุง ููุงุฑุจ ุชูุงุช ุณููู ูู ุงูุถุฑุจ ูุงูุดุชู ูุงูุฅูุงูุฉ ูุงููุตุงุตุูู ุงุชุฒูุฌู ููู ุจููุช ุขุซุงุฑ ุงููุนุงููู ุงูุณูุฆู ูู ุฐุงูุฑุชู ู ุงุญูุฏ ุงููู ุงููู ูู ุงูุฌุจ ุจูุงุช ูู ูุฌุชูุน ูุชุฎูู ุธุงูู ุจูุงูุดูู !ุทุจุนุงู ูุฐุง ุงูุญูุฏ ููุชู ุชูุฏูุฑ ุงููุชุงุฉ.,neutral
ูููู ูุทุฑ ุนุถู ุงููุฌูุณ ุงูุซูุฑู ูุญุฑูุฉ ูุชุญ : ูุง ุดูุฏูุงู ูู ุงููุฏุณ ูุงูุฏุงุฎู ููุง ูุดูุฏู ูู ุจูุฏุฉ ุจูุชุง ูู ุงุณุชุฌุงุจุฉ ููุฏุงุก ูุงุฆุฏ ุงูุดุนุจ ุงูููุณุทููู ููุนุจุฑ ุนู ููู ุนููู ููุฌูููุฑ ุงูููุณุทููู ููุฏุงุกุงุช ุงูุฑุฆูุณ,ุทุจ ุงูุณู ุจุงููู ูู ุนุจุณู ุนูู ูุฏุงุก ูุงู ุญุทูุช ุฑุงุณู ูููุช ุงู ูุงู ุตุฑุช ุงูุดุฑ +18,no_ref
ูุจุงุดุฑุฉ ูู ุฌุฑูุฏ ูุณุฑูุงู ุดููู ุงูุฅุฌุฑุงู ุจุญู ุงูุทุจูุนุฉ...ุฃุนูุงู ุจุนุถ ุงูุงูุทุงุนููู ูุงููุงูุฐูู ููู ุจูุฏูุนูุง ุงูุนููุฉ...ูู ุณูุญุชูุง retweet ูู ุฃุฌู ุงูุชูุนูุฉ,ุฎูููู ุจูุงููููุฉ .๐,positive
ูููุฏ ุฌูุจูุงุท ุฏุฎู ูุนูููุง ูุณุงุฑ ุงูุชุญููู ุงูุณูุงุณู ูุญู ูุง ูุนุชูุฏ ุฃููู ุงููุญูุฑ ุงูููุชุตุฑ. ุฃุชู ุฅูู ุฎูุฏุฉ ูุณูุฐูุจ ููููุง ูุง ุฅูู ุฏูุดูุ ูููุงุฐุง ุงูุขู?,ุงูุช ุจูู ููุงู ุงูุนูููุฉุุนู ุงู ููุชุตุฑ ุนู ุชุญูู ููุญู ุตุฑูุง ุจุงูุญุถูุตุ ููุด ุฑุญ ูุจูู ููู ูุฎุจุฑ ุจูุง ุงูุจูุฏุ ุนูุฌุฏ ุงููู ูุฌุชูุน ูุนุชููุ ุงูุจูุฏ ุงูุชูู ูุงููุงุฑ ููุงุฆูุงุ ูุจุนุฏ ุจุชุญูู ุจููุชุตุฑุ ููุชุตุฑ ุจุดู ูุนูู ุดูุ ูุดู ููู ููุงุนูู ุงูุงูุชุตุงุฑ ูุง ุบุจูุฉุ ูุนูู ุฃู ุฑูุงู ุณูุณูุทุฑุ ูุงู ุงูุชุตุงุฑ ูุงู,negative
ุนุงุฌู: ุชุญุณู ููุญูุธ ุจุตุญุฉ ุญุณู ูุตุฑ ุงููู. ุงููู ูุนุทูู ุงูุตุญุฉ ูุง ุณูุงุญุฉ ุงูุณูุฏ.,ุงูุฏ ุงููู ุจุนูุฑู ู ุฒูุงููู ุนูู ูุฏ ุจู ุจูุช ุฑุณูู ุงููู ุงู ุดุงุก ุงููู,negative
ุจุฎูุงู ูุง ูุทุฑุญู ุงูุจุนุถ ุญูู ุทุจูุนุฉ ุงูุฃุฒูุฉ ุงููุงุฆูุฉุ ูุฅู ุงููุดููุฉ ุงูุญุงููุฉ ููุณุช ูุดููุฉ ุตูุงุญูุงุช ุจูู ุงูุฑุฆุงุณุงุช ููุง ูุดููุฉ ุทุงุฆููุฉุ ุฅููุง ุตุฑุงุน ูุตุงูุญ ุถููุฉ ููููุฐ ูุณูุทุฉ.,#ุนุงุดู_ุงููุดู ุงููุดููุฉ ูุด ุจุงูุญููู ุงููุดููุฉ ูู ูุณูู ?? ุชูุถู ูููุง ูู ุจุณูู ุงููุฒุฑุงุก ุงููุณูุญููู ??,neutral
ูู ูุฌุฑุค ุตูุตุงู ุงูุซูุฑุฉ ุนูู ุงูุชูุฌู ุงูู ููุฒู ูุฒูุฑ ุงููุงู ุบุงุฒู ูุฒูู ุจุฑูู ูุงูุฅุนุชุฏุงุก ุนูู ุณูุงุฑุชู ููุง ูุนููุง ุจุณูุงุฑุฉ ูุฒูุฑ ุงูุฅูุชุตุงุฏ ุฑุงููู ูุนูุฉ? (ูููู ุตูุตุงู ุฌุนุฌุนุ ูุฃู ุทูุนูุง ููู ุงูุซูุฑุฉ ๐๐),ู ุงู ุนูุจ ูููู ุจุนุฏู ุนู ุชูุงุฌู ุงุฏุฃุถุนู ููุด ุฅูุช ุจุชุณุชุฑุฌู ุชูุฒู ุชุซูู ูุฃุจู ุฎุดุจุฉ ุฅููู ุจูุทุฌู? ุฃู ุจุชุณุชุฑุฌู ุชูุฒู ุนูุฏ ูููู ุตูู ุฃู ุฃุญูุฏ ุงูุญุฑูุฑู ุชุญููููู ูุชู ูุฐุงุจูู? ูุง ููู ูุง ุฒูู,negative
ุญุณุงู ุฏูุงุจ ุจูุญุจุฉ ุฃููู ูู ูุง ูุฌูุฒ ูุฐุง ุงูุญูุฏ ุนูู ูู ุดูุก ูุฑุฏ ุนูู ุงุณุชูุงูุชู ุชุฑูุถ ุงูุชูููุน ุนูู ุชุนููู ุฃุนุถุงุก ูุฌูุณ ุงููุถุงุก ูุชุดู ุงููุถุงุก ุชุฑูุถ ุฅุตุฏุงุฑ ูุฑุงุฑ ุจููุถูุน ุงูุชุฑุงุจุฉ ููุตุจุญ ุงูุทู ุจุซูุงุซุฉ ููุงููู . ุจุงููู ุนููู ูุงุฐุง ุชูุนู? ุงููุณุฃูุฉ ุจุญุงุฌุฉ ุฅูู ุถููุฑ .,ุงูุช ุนูุฏู ุถููุฑ ูุจู ูู ูุฐุง ููุง ูู ุงูุณุฌูู ุงูุณูุฑูู ูุนุชูููู ุนูุฏู ุถููุฑ ุชุทุงูุจ ูููู ูู ูุนููู ุงู ุงูุช ูู ุงูุตู ุงูุญุงุฏู ุนุดุฑ,negative
ูุงู ุฌุนุฌุน: ุฅู ููููุฉ ุชุญุตูู ุญููู ุงููุณูุญููู ูู ุงููุฐุจุฉ ุงูุฌุฏูุฏุฉ ุงูุชู ูุทุงูุนูุง ุจูุง ุงูุชูุงุฑ... ุงูุธุงูุฑ ุฌุนุฌุน ููุง ูุงู ูููุญูู ุงูุฅุฎูุงู ูุง ูุงู ูุตุฏู ุจุณ ุงูุฏูู ุงูุนุฑุจูุฉุ ุทูุน ููุงู ุจูุจูุงู ๐คฃ,ููููุฉ ุชุญุตูู ุญููู ุงููุณูุญููู ูุฐุจุฉ ูุนูุง ูุชู ูุฐุจุฉ ุชุญุฑูุฑ ููุณุทูู ูููุง ุดุนุงุฑุงุช ุชุฌุงุฑูุฉ ูุฑุจุญุฉ,no_ref
ุณุงุจูุงู ูุฏุฏููุง ุจุงูุนููุจุงุช ุฅุฐุง ุฃุชููุง ุจุงูุณูุงุญ ูุชุญุฑูุฑ ุงูุฃุฑุถ ูู ุงูุตูุงููุฉ ูุงูุชูููุฑููู. ุซู ูุฏุฏููุง ุจุงูุนููุจุงุช ุฅุฐุง ุฃุชููุง ุจููุงุฏ ุงูุจูุงุก ูุฅุนุงุฏุฉ ุจูุงุก ูุง ูุฏูู ุงูุนุฏูุงู. ูุงูุขู ููุฏุฏููุง ุจุงูุนููุจุงุช ุฅุฐุง ุฃุชููุง ุจุงูุจูุฒูู ูู ุฅูุฑุงู ูููู ุฅุฐูุงู ุงููุงุณ. ููู ูู ูู ูุฑุฉ ููุง ูุฏุนุณ ุนููุจุงุชูู ุชุญุช ุฅุฑุงุฏุชูุง ูุงุณุชููุงููุง.,ุงูุช ุงูุตุงุฏู ุนู ูุฏุนุณ ุฑูุงุจูู ูุด ุนููุจุงุชูู,positive
ุฑุฆูุณ ุงูุญูููุฉ ูููู ุจูุฏุงูุฑุฉ ูุงููุฉ ุจุงุณุชุซูุงุก ูุฒุงุฑุฉ ูุงุญุฏุฉ ูู ุงููุงููุฉ ููุฃูููุง ุตุงุฑุช ุญูุง ููุชุณุจุง! ูุฐุง ูุญุฏู ูุงู ููุณูุท ุงูุทุงุฆูุ ููุญู ูุง ููุจู ุจู,ุงูุทุงูุฉ ุนู ุชุจูู ุจุงูุฒุงููุฉ ู ุงูุฎุงุฑุฌูุฉ ููุงู ู ูููุง ูู,no_ref
ุจุฑู: ุญุณุจ ุงูุฏุณุชูุฑ ูุง ูุญู ูุฑุฆูุณ ุงูุฌูููุฑูุฉ ุจุฅุฎุชูุงุฑ ูุฒุฑุงุก ุญูู ูุชูุฑุ ุทูุจ ููุด ุงููุฑุงูู ููุญูุฏ ูุณูููุงู ูุงููุง ูุฎุชุงุฑูุง ูุฒุฑุง? ูุนูู ููุชู ุนู ุชุฎุงูููุง ุงูุฏุณุชูุฑ ุทูุจ ุจูุง ุฅูู ุนู ูุญูู ุนู ุงูุฏุณุชูุฑุ ุฎุจูุฑูู ููู ุจุงูุฏุณุชูุฑ ููุชูุจ ูุฒุงุฑุฉ ุงููุงููุฉ ููุดูุนุฉ?,ู ุงุณุชูุฑุงุฏ ุงูููุท ูุงูุฃุฏููุฉ ูู ุฅูุฑุงู ุจุงูุจูุฆุฉ ูุญุณุงุจ ุงูุญุฒุจ ูููู ุจูููููุง ุงุณุชูููุง ุนูู ููุฒุงููุฉ ูุฒุงุฑุชู ุงูุทุงูุฉ ูุงูุตุญุฉ ุจุทุฑููุฉ ุงุญุชูุงููุฉ ุบูุฑ ูุจุงุดุฑุฉ,no_ref
ุงููุงุถู ูุงุฏู ุนูููู ููุนุทู ุงูุฅุฐู ููุนููู ุฌุนูุฑ ุบุถุจููู ุจูุบุงุฏุฑุฉ ูุจูุงู. ูุฐุง ุงููุงุถู ูุฌุจ ุฃู ูููุงุญูู,ุจููุงุญูู ูุจูุนุทู ูุณุงู ุดุฑู ุจุงููุทููู ููู ุจุนุฏูู ุงูุชู ุจูุจูุงู,negative
#ุณููุฑ_ุฌุนุฌุน: ุฃูููุง ุจุงูุชูุงูููุงุช ุฃูุฏุนูุง ูุจุงูุบ ูุงููุฉ ูุจูุฑุฉ ุจุงูุตูุฏูู ุงููุทูู ูููููุดูุงุชู ุนุจุฑ ุฎููุงุช ุงูุจูุฒูู ูุงูุนูุงุฑุงุช ูุงููุทุงุนู ุงูุฎ... ูููุง ูุนุฑู ููู ูุงูุฃููุงู? ุงุดุชุฑูุช ููู ุณูุงุญ ? ุฃูู ูุฑุฌุนุช ุจุนุชู ููุงูุณูุงุญ... ูููู ุชุฑุฏูููุง ูุตุฑูุงุช ุฃูููุง? ุฅุฐุง ูุงุ ูุง ุชุฌูุจ ุณูุฑุฉ ุฃููุงู ุงูููุฏุนูู ุงูููู ๐.,ููุฏูู ูุงููุง ุถุฑุงูุจุ ูู ุฐููุ ู ูุนุฑูู ููู ุงูุตุฑููุงุ ๐๐ ูููุฏ ุฏุงูุช ููู ุงูุงููุฑ,neutral
ุงููุดู ุนู ุฃุณูุงุก ุนุงุฆูุงุช ูุจูุงููุฉ ูู ุงูุฌููุจ ุนูู ุนูุงูุฉ ูุทูุฏุฉ ุจุญุฒุจ ุงููู ูุชูุฑุทุฉ ูู ุนูููุงุช ุชูุฑูุจ ุงููุฎุฏุฑุงุช. ูุง ุนูุงูุฉ ุนุงุฆูุฉ #ุจุฑู ูู #ููุฑููุง ูุนุงุฆูุฉ #ุนุณุงู ูู #ุฑููุด ูุนุงุฆูุฉ #ููุฑ ูู #ุงููููุนุฉ ูุงููุงุฆูุฉ ุชุทูู... ุชุงุจุนูุง #ุงูููุฏูู. ุงูู #ุฌูุงุฏ_ุงููุฎุฏุฑุงุช ุงูุฐู ููุงุฑุณู ุญุฒุจ ุงููู,ุณุจุญุงู ุงููู ูุนูู ุนุงุฑููููู ุจุงูุงุณูุงุก ู ุงูุฌูุณูุงุช ู ููู ุณุงููููุ ุณุงูุชูู ุนูููู ููู ูุนูู,no_ref
ุญุชู ุนุจุงุฑุฉ ุงูุนูุด ุงููุดุชุฑู ูู ููุฑุฏุฉ ุชูุนุจุฑ ุนู ุงูุชุณููุฉ ูู ูุจู ุงูุถุนูู ูุน ุงููููุ ุงูุฃูู ูุน ุงูุฃูุซุฑ. ูู ุงููุฏุฑุณุชูู ุณุฑุฏูุชูู ุฎููููุง ุงูุฅุณุชุนูุงุฑ ูุฅุจูุงุก ุณูุทุฑุชู ุนูู ุงูููุทูุฉ. ููุง ูู ูุชูุณู ุงูุชุฎููู ุฏุฑุนุงู ูุญูุงูุฉ ูุตุงูุญู ุถูู ุงููููุฉ ุงูุชู ุชูุฑุถูุง ุซูุงูุฉ ูู ูุณุชุนูุฑ ูุณุชุฌุฏุ ููุตุจุญ ูู ูุง ููู ูุชูุงูุถ ูุนู ุนุฏูุงู.,ุจุณ ูุง ุชููู ูุณุชููู ุงูู ููู ุชููุนู ุจุงูููุทู ูุงูุชุงุฑูุฎ. ุนูู ูู ุงูุงุญูุงู ูุดููุฑ ุนูู ุงูุชูุถูุญ. ุจุถู ูู ูุงุณ ุจุชุญุจ ุชููู๐,positive
ุฏูุงุฑ ูุจูุงู ุณุจุจู ุฎูุงุฑุงุชูู ูู 30 ุณูุฉ...ุบุฑููุชููุง ุจุงูุฏููู ูุงูููุงูุฏ...ุนุทููุชู ุงูุฅูุชุงุฌ...ูููุณุชู ุงูุดุนุจ...ุนุฑููุชู ุงูููุฑุจุง...ูููุชู ุงูููููุดูุงุช ุนุงูุฏููุฉ ูููููุชููุง ูู ุงููุงู ุงูุนุงู...ุชูุทูุชู ูุฑุง ุงูุทุงุฆูุฉ ูุชุฎุจูู ูุดููู...ุฏูุงุฑ ูุจูุงู ููุง ูุงุญุฏ ูุชูู ุจูุณุชุบู ูุฌุน ุงููู ุจุทุฑุงุจูุณ ุชุง ูุญุฑูุถ ููุดุนู ูุชู ููุตุงูุญู ุงูุดุฎุตูุฉ...,ุตุญ ูู ูู 30 ุณูุฉ ุณุฑูุฉ ูุฏูุงุฑ ุงูุจูุฏ ุจุณ ุฃูุชู ุดุฑูุงุก ูู ุณูุฉ 2005 ูุนูู ูู ูู ุดูุก ุฃูุชู ุนุฌุจุชู ุงูุจูุฏ ุนุดุงู ูุนููู ููุตู ุงูุฑุฆุงุณุฉ ูุนุทูู ุงูุจูุฏ ุนุดุงู ุนููู ุงูุตูุฑ ููุฏุง ููุงู ูุนููู ุตุญ ุฌููุนูู ุจุงุฆุนูู ุฃููุงู ูุง ุซูุฉ ุจูู ูุนูู ุงูุฃุญุฏ ูููู ุดุฑูู ุฌููุนูู ุดุฑูุงุก ูู ุงููุณุงุฏ ุงูุทุงุฆูู ููุญุงุตุตุฉ ููู ูุณุงุฏ ุฃูุชู ุดุฑูุงุก,negative
ุงููุณุงุฏ ูู ุงูุงุฑุฏู. ูุณููู ุงูุดุนุจ ุงูุงุฑุฏูู ูุซู ุงููููุชู,ุญุงุณุฏ ุงููุณููู ุนูู ูุธููุชู ููุช ุดุบุงู ูู 3 ูุธุงูู ูุงููููุงุช ูุงูููุณุงุฏ ุจูุฏูุนููู ุบูุฑ ุญุตุชู ูู ุชุนููุถุงุช ุงููุงููุง ูุฌุฑุงุฆู ูุชูุฑ ุงูููู ูุง ุญุณุฏ,negative
ูููู ุงููุณุท ุงููููู ูู ูููู ุนุง ูุจูุฑ? #ุทุจ_ุนุง_ุตุบูุฑ ?,ููู ? ูุชูุฑ ุนุงุฌุจู ??. ููู ููู ูุชู ูุง ููู ููุง ุจููุญูู,neutral
ุฅุฐุง ูู ูุชู ุฅุฌุฑุงุก ุงูุงูุชุฎุงุจุงุช ููุชุฌ ุนููุง ุฃุดุฎุงุต ุฌุฏุฏ ูู ุฎุงุฑุฌ ุงูููุธููุฉ ุงููุงุณุฏุฉ ููู ูููู ููุงูู ุฃู ุฃูู ุจุงูุฅุตูุงุญ ููุญุงุฑุจุฉ ุงููุณุงุฏ ูุงููููุถ ุจุงูุจูุฏ.  #ููุงุฑูู_ุณุนูุฏ,ูููุฑ ุฑุญ ูุชุบูุฑ ุดู ุจุงูุชุฎุงุจุงุช ุฌุฏูุฏุฉ ุงููุงู ููุฏุง ูุจูุงู,neutral
ููู ูุง ูุงู ุจุงููุทุนู ุ ุณูุงุณููู ุงู ูุด ุ ููุงูููู ุงู ุฒูุฌุงุช ุงูุจุจุงุฒุงุช ุจุงูุจูุฏ ุงู ูุฌุฑุฏ ูุฎุจุฉ ุนุงูุดุฉ ุจุฑุงุช ุงููููุจ ุุดูููุง #ุจูุฑูุช ููู #ูุนุชููุฉ ูุงูุชูุง ุนู ุชุจุฑููุง ุจุฑู ... ุจุณ ูุด ูุงูุฑูู ุงูุง ุงูู ูุงูุช ุนู ุจุชุญุงูู ุชุบูู ูุงูุตุนูุช . #ูู_ุงูุงูุถู_ุงูู_ุชุญุชุดูู ููู ุนุงุฑู ุฅูู ุฌูููู ููู ุญุธู ูุงุนุฏุฉ ููุงุจููู,ุงูุชู ุนู ุชุญูู ุจุงูุญุดูุฉ !! ุงูุชู !! ููุจุน ุงููุชูุฉ ู ูุฃุฌูุฑุฉ ุจุชูุดุฑูุง ุจ $$ ู ุจูุฃูุฑููู ุดู ุชุญูู ู ุงููุชุง ุชุชููุณูุง ! ูู ูู ุฏูุงู ูููุฑุงูุฉ ููุง ุงุดุชุฑููุงููู ...,negative
ุจุนุฑู ุงูู ูุนููุฏ ุชุชูุฑูุจ ูู ุงูุฃุฌูุจุฉ ุจุณ ุจุญุจ ุงุณุฃูู ููุด ูุง ุนูููุช ุนูู ูุทุงูุจุฉ ุฌุจุฑุงู ุจุงููุงูุฑูุฒูุฉ ุงูุงุฏุงุฑูุฉ ุงูููุณุนุฉ ููู ุงูุทุงุฆู... ูุจุงูููุงุณุจุฉ ูู ุงูุช ููุงูู ุนูู ููุงู ุจุฑู ูููุงุฑุณุงุช ุงูุญุฑูุฑู ุจุถุฑุจ ุตูุงุญูุงุช ุฑุฆูุณ ุงูุฌูููุฑูุฉ? ุน ููุฑุฉ ุจุชุชุฐูุฑ ุงูุนุง ุฎููู?,ููุด ุชุฑูุชู ุตุงุญุจ ูู ุบุฏุฑูู ุญุชู ุฎูู ุบุฏุฑุชู ูู,negative
ุณูุงุญ ุงููููุฉ ููู ุฃุณูู ุจูุซูุฑ ูู ุงูุณูุงุญ ุงูุชูููุฏูุ ูุฃู ูููุง ุชุตูุน ุงูุญูุงุฆู ูุชุตุจุญ ุงูุญุฑูู ุงููุฏุงูุน ุงูุดุฑุณ ุนู ุงูููุงุฆุน - ุงููุชุญุฏุซ ุงูุนุงู ุจุงุณู ุฌูุด ุงูุฏูุงุน ุงูุฌุฏูุฏ ุงุชุฎุฐ ูููุง ุฏุฑุนูุง ูุงูุนููุง ุฏูุงุนูุง ุนู ุฅุณุฑุงุฆูู,ูุด ูุชุฃูุฏุฉ ุงูุง ุณูุงุญ ุงุณุชุนูู ูู ูุฐู ุงูุงูุนุงู...ูุนููู ุตุงุฑ ููู ูู ุงูููุงู? ุงูููุงู ููุณ ุนููู ุถุฑูุจุฉ,no_ref
ุนูููุฉ ููุง ููุงุณูู ุงููุจูุงูููู,ููู ุงูุนุฒุฉ ูุงููุฑุงูุฉ ููู ูุนุฏูุง ูููู ูุตุฑุงููู,no_ref
ุชุฑุดูุฏ ุงูุฏุนู ูุงูุจุทุงูุฉ ุงูุชูููููุฉ: ููุฏุง ููุถูุน ูุฑู ุนููู ุงูุซุฑ ูู ุณูุฉุ ููุงุดู ุชุฑุงุดู ุงููุณุคููููุงุช ููู ุจูู ุงูุญูููุฉ ููุฌูุณ ุงูููุงุจ,ูุญุงุณุจุฉ ุงููุงุณุฏ ูุงูุช ุงูุตุงุฏู ูุด ุชุฏููุน ุงูููุงุทู ุชูู ุงููุฏุฑ ูุงููุณุงุฏ ุงููู ุงุฑุชูุจุชูู ุงูุชู ูุบูุฑูู ุจุญูู ุงููู ุงุฏูู ุงููุง ูุชูููุณ ุงูุฎุฒููุฉ ูุงูุชุทุงูู ุนูู ุงููุงู ุงูุนุงู ููุงุญูุง ุงูุชุตุฑู ุจุงููุงู ุงูููุฏุนูู ูุชุฑุจูุญู ุฌูููุฉ ุจุงูุจุทุงูุฉ *ุงูุงูุชุฎุงุจูุฉ*,negative
ุชุณูู ุงูุนููุฏ ุฑุงู ููุฎุงู ูููุงูู ููุชุญุฏุซ ุนุงู ุฌุฏูุฏ ููุฌูุด ุงูุฏูุงุน ุฎูููุง ููุนููุฏ ููุฏุงู ุฒููุจุฑูุงู ุงูุฐู ุชููู ููุตุจ ููุญู ุงูุฏูุงุน ุงูุฌุฏูุฏ ูู ุงูููุงูุงุช ุงููุชุญุฏุฉ.ุงูุนููุฏ ููุฎุงู ุดุบู ููุงุตุจ ููุงุฏูุฉ ูู ุงููุคุณุณุฉ ุงูุนุณูุฑูุฉ ุฃุฎุฑูุง ูุงุฆุฏ ููุธููุฉ ุงูุฏูุงุน ุงูุฌูู. ูุชููู ูููุงุฆุฏููู ุงููุฌุงุญ ุจุงููููุฉ ุงููุจูุฑุฉ ุงููููุงุฉ ุนูู ุนุงุชูููุง,ุงูุตูุงููุฉ ูุญุงูููู ุฏู ุงุณููู ุจูู ุงููุณูููู ูู ูุถุฑุจูููู ุจุจุนุถููุุ ูุฐุง ุดูุนู ูุฐุง ุณูู ููุฐุง ููุฐุง ูู ุฅูุฎ ุนูู ุงูุนุฑุจ ูุงููุณูููู ุงูุงูุชุจุงู ูุฐูู ูุงูุตูุงููุฉ ูู ุงุนุฏุงุก ุงููู,no_ref
ูุณุฃููู ุงูุจุนุถ ููุงุฐุง ุฃุบุฑูุฏ ุถุฏู ุฌุนุฌุน? ููุณ ูุฒูุงุฏุฉ ุงูุดุฑุฎ ุงููุณูุญูุ ููุง ุญูุฏุงู ุนููู ูุฅูุง ูุง ุฒุฑุชู ูู ูุนุฑุงุจุ ูู ูุง ูู ุงูุฃูุฑ ูู ูุชูุนูุฉ ุฐุงูุฑุฉ ูู ูุณู ุฃู ูุชูุงุณู ุฃู ูู ูุง ูุญุตู ููุง ููุณูุญููู ูู ูุชูุฌุฉ ุฑูุงูุงุช ุฌุนุฌุน ุงููุงุดูุฉ ููุฐ ุณูุทุฑ ุนูู ุงูููุงุช ูุญุชู ุงูููู... #ููุชููุฉ,ูุงุนูู ุงููู ๐๐ป ุงุญูู ูุนูู ุดุฑุจู ๐,positive
ุงูุฑุฆูุณ ุนูู ุนุฑุถ ูุน ุงููุฒูุฑุฉ ุนูุฑ ุงูุตุนูุจุงุช ุงูุชู ุชูุงุฌู ุงูููู ุจูู ูุจูุงู ูุณูุฑูุงุ ูุงููุณุชุญูุงุช ุงูุนุงุฆุฏุฉ ููููุฆุงุช ุงูุถุงููุฉุ ูุนูููุฉ ุงุณุชูุฑุงุฏ ุงูุฏูุงุก,ููู ุงูุฒูุจุงุจูู ูุฎุงูุชู ุฅุชู ุงููู ู ุงุณุชููู ูู ุชุฃุฎุฐ ูุนู ุณูู ุฃุนูุงูู,negative
ุงุฏุนููุง ุงููุถูุฉ ูุง ุนุฑุจ.,(ููููููุฏู ุนูููููุชููู ุงูููุฐูููู ุงุนูุชูุฏูููุง ูููููููู ููู ุงูุณููุจูุชู ููููููููุง ูููููู ููููููุง ููุฑูุฏูุฉู ุฎูุงุณูุฆูููู ู ุณูุฑุฉ ุงูุจูุฑุฉ 65).,no_ref
ุงุตุฏูุงุฆู ุงููุญุชุฑูููุ ุจุฎุตูุต ุชุบุฑูุฏุชู ูุจุงุฑุญ ุนู ุงุญุฏุงุซ ุทุฑุงุจูุณ ุญูููุง ุงูุจุนุถ ููุฃููุง ุชุจุฑูุฑ ุงุทูุงู ุงููุงุฑ ุนูู ุงูุฌูุด ุนููุงู ุงููู ุงุณุชููุฑุช ! ูุฐุง ุงูููุงู ูุด ููุจูู ููุด ุฃูุง ููู ุจููุจู ุฃู ุชุนุฏูู ุนูู ุงูุฌูุด ุงููุจูุงูู ููุง ุฑูุช ูููููุฑ ุจููุทู ูุจู ุงูุชุนููู ุงูุนุดูุงุฆู.,ุงูุช ูุชู ูุง ููุนุฑูู ุงูุณุงู ูุทูู ููุญุชุฑู ููุง ุญุฏุง ุจุดูู ุจุญุจู ูุบูุฑุชู ุนูุทูู. ููู ุญุฏุง ูุชูู ุฑุญ ูููู ุฑุฃูู ุจุฅูุฌุงุจูุฉ. ุงุฎ ุฌู ุงูู ููุง ูู ุงูุงุญุชุฑุงู๐๐,positive
ุงุญูุฏู ูุฌุงุฏ ูุนุชุฑู. ุงูู ุงูู ููู ุจุงู ุงููุธุงู ุงูุฅูุฑุงูู ูุฎุชุฑู ุญุชู ุงููุฎุงุน?,๐น๐น ุนู ุงู ุงุฎุชุฑุงู ุชุชุญุฏุซ ูููุฏ ุงุตููุงู ุงุฎูุงูู .,neutral
ุงููุงุฐุงู ูููุถุน ูุนููุด ูุง ุจุฏู ูู ุชุณููุฉ ุนุงุฏูุฉ ุจูู ุงูุฌููุน ุทุงููุง ูู ูุจูุงู ูุง ุฃุญุฏ ูุณุชุทูุน ุงูุบุงุก ุฃุญุฏ ูุจุงูุชุธุงุฑ ุงูุงูุชุฎุงุจุงุช ุงูููุจูุฉ ! ุตุจุงุญู ๐,ุตุจุงุญ ุงูุฎูุฑ ู ุงูุชูุงุคู๐๐ป๐,positive
ูู ุฃุดุงุฑู ุจุฌูุณุฉ ุฅูุฑุงุฑ ุงูุจุทุงูุฉ ุงูุชูููููุฉ ุงูุชู ุชุญูู ุฃูุฏุงูุงู ุงูุชุฎุงุจูุฉ ุจุญุชุฉ ููุง ุชุณุนู ูุฎุฏูุฉ ุงูููุงุทู. ููุชูุฑุฌ ุงููุตุงุฑู ููุตุฑู ูุจูุงู ุนู ุฃููุงู ุตุบุงุฑ ุงูููุฏุนูู ุจุฏู ุฃู ุชุญูู ุฎุฒููุฉ ุงูุฏููุฉ ุฏูููุงู ุฅุถุงููุฉ. ูุง ุฃุฑู ุจูุงุฏุฑ ุงููุฑุงุฌ ุญููููุฉ ูุฑููุฒ ุงูุทุจูุฉ ุงููุงุณุฏุฉ ุงุชููุช ุนูู ุนุฑููุฉ ุงูุชุดููู ุฎุฏูุฉ ููุตุงูุญูุง,ุจุทุงูุฉ ุงูุถุญู ุน ุงูุฏููู ู ููู ุนููุถุญููุง ุนูููุง ู ุดู ูุง ุนูููุง ุตูุฑุชู ุณูุฏุง ุณูุฏุง โฌ,no_ref
ุฃููุง ุงููุงุฌุฑ ูุง ุชููููุฑ ุงูููุฐุจ ูุนูู ุฌุจุงู ูู ูุง ูู ุจุงูุฃูุฑ ุงููู ุงูููุฐุจ ูุง ุจููุฒู ููุณุชูุงู๐,ุฅูุช ูุจูุฑ ุฅุณุชุงุฐ ุฌู ๐,positive
ูู ุณูุชุฌุฑุง ููู ุงูุงุฑุฏู ุนูู ุงุนุชูุงู ุงููุงุฆุจ ุงูููุตูู ุงุณุงูุฉ ุงูุนุฌุงุฑูุฉ?,ูุง ุงูู ุนูุงูู ูุง ุงูุจู,negative
ููุธูุฉ ุงุฌูุจูุฉ ูุญุงูุฏุฉ ุชูุดู ุงูุงุฐูุจ ูุฑุงุณูุฉ ุงูุฌุฒูุฑุฉ ูุชูุถุญูุง ุฌููุงุฑุง ุชุฒุนู ุจุงููุง ูุณุฑุช ูุฏูุง. ุงููุฐุจ ูุงูุชุถููู ุจูุถุญููุง ุนูููู ูุง ุนุฑุจ,ูุนูู ุชูุฏููุง ุจููุช ูุชูุชููุง ุงุทูุงู ูุชุนุชูููุง ูุณุงุก ููุณุชูุซุฑ ุนู ุฌูููุงุฑ ุงููุณุฑ ูุณุฑุช ุจุฐูู ูุงููููู ูู ุงูุงุนุฑุงู ุงูุฏูููู ูุงูุชุงุฑูุฎูู ูุงูุงูุณุงููู,negative
ุชุญูุฉ ุงูู ูุงูุฏ ุชูู ุงูุฑุนูุงุก ุงูุชู ุฃูุฑุบุช ูุง ูู ุฏุงุฎููุง ูู ุญูุฏ ูุงูุญุทุงุท ุถุฏู ุงููุงุฆุจ ุจุงุณูู ูู ุงูุจุชุฑูู. ุญุชู ุขุจุงุคูู ูุฎุฌููู ุจูู...ูุฃุชู ูุนุชุฐุฑ ูู ุจุงุณูู. ูู ูุงู ูู ุงูุฃูู ุจูุงุฌุจูู ููุฌููุง ุฃููุงุฏููุ ููุง ูุงู ูุจูุงู ุดูุฏ ุฃูุจุฑ ุซูุฑุฉ ุงูุญุทุงุท ูู ุงูุนุงูู ุนูู ูุฑู ุงูุชุงุฑูุฎ...,ุฃุญุชุฑุงูู ููู ุงูุงุจุงุก ุงูุง ุจูู ุงูุฎุฑุง ูู ูู ุญุงุจู ุนูู ุงูุดุฑุดู ูุงู ุงุญุณู #ูุง_ุฒูู,negative
ุตุญูู ููุดู ุนู ุงูุงููุฌุงุฑุงุช ุงูุบุงูุถุฉ ุงูุชู ุชุญุตู ูู ุทูุฑุงู.,ูุณุฃู ุงูุนุฒูุฒ ุงููุฏูุฑ ูุจุฃุณูู ุงูุฃุนุธู ุงู ูุฒูุฏ ุงูุฑุงู ูู ุงููุญู ูุงูุณุญู ูุงููุชู ูุงูุฑุชู ูุงูุงููุฌุงุฑุงุช ูู ุนูุฑ ุจููุชูู ุงููุฌุณู ูุงูุชุฏููุฑ ุงูุดุงูู ุงูุณุฑูุน ูุธูุฑ ุฌุฑุงุฆููู ูู ุญู ุงูุฃุจุฑูุงุก,no_ref
ุดุจูุญุฉ ูุญููุฏ ุนุจุงุณ ุงูุฐู ููุนูุง ุงููุธุงูุฑุฉ ูุณุท ุฑุงู ุงููู,ุญุซุงูู ุจุดุฑูู ูุณูุงูู ุนูู ูุฌูููู,no_ref
#ุฃุญูุฑ_ุฅูุณุงู: ูู ููู ูุชุฎููู ุนูู ูู ุฃุฌู ููุดุฉ ูุงู... ูู ูู ุชุนููุฑ ูู ููุฎุงู ููููู ุจุงุจู ุจูุฌูู... ูู ูู ุชูุชู ุจูุฑุฏุชู ูุชุฒูุฑ ููุทุนูู ุดููุงุชูุง. #ูุง_ุชุดูุญ_ุญุฏุง_ูู_ุฅุฌุฑู,ูู ุชุฎูู ุนูู ุณููุฑ ุตููุฑ?,neutral
ุงููุงุฆุจ ููุตู ูุฑุงูู ุจุนุฏ ููุงุฆู ุฑุฆูุณ ุงูุฌูููุฑูุฉ: ุงููุฎุฑุฌ ุงููุญูุฏ ููู ุงููุดุงูู ูุจุฏุฃ ุจุชุดููู ุญูููุฉ ููุฏุนู ูุฌููุณ ุงููุนูููู ูุน ุจุนุถูู ุงูุจุนุถ ุญุชู ุงูุฎุฑูุฌ ุจุญูููุฉ ุชุฑุถู ุงููุงุณ ูุงูุดุนุจ,ูุง ุจุฏู ุชุฑุถู ุงููุงุณ ูุง ุจุฏู ุชุฑุถู ุงูุดุนุจ ููู ุชุฑุถู ุงูุงุซููู ูุนุงู ุตุนุจุฉ ุดููุฉ!! ููุฑ ูููุง ๐,neutral
ุฏุงุฆูุงู ููููุง ูุนููู ุฎูุฑุงู ูุชุฐูุฑูุง ุงูู ูู ูุตูุจูุง ุฅูุง ูุง ูุชุจ ุงููู ููุง ... #ehden #ูุจูุงู_ุงูุญูู๐ฑ๐งโค๏ธ,ูุณุงุก ุงููุฑุฏ ูุงููุงุณููู ุนูู ุนูููู,positive
ูุง ูููู ุงูุงุณุชูุฑุงุฑ ูู ูุฐู ุงูุญุงูุฉ ุงูุงูุชุธุงุฑูุฉ ูู ูุจู ุจุนุถ ุงููุณุคูููู ูุญุงูุฉ ุงูุจูุงุฏ ุชุชุฑุงุฌุน ูู ูู ููู ูู ุบูุงุจ ุงูุญูููุฉ .ุขู ุงูุงูุงู ูุฌุนู ุงูุชุณููุฉ ููู ูู ุงุนุชุจุงุฑ ุจุนูุฏุง ุนู ุงูุญุณุงุจุงุช ุงูุดุฎุตูุฉ ุงูุถููุฉ .ุงู ูุจุฏุฃ ุงูุชุณููุฉ ููุณ ุจุฏุนุฉ ุจู ุงุณุงุณ ูู ุงูุญูุงุฉ ููู ุงูุณูุงุณุฉ ุูุชุฐูุฑูุง ุงู ุงูุญูุฏ ููุชู ุตุงุญุจู ุงููุง,ุจู ุชุณููุฉ ููุตูุญุฉ ุงูุณูุทุฉ ู ุงุญุฒุงุจูุง ุนูู ุญุณุงุจ ุงูุดุนุจ.,no_ref
ูุฌุฑ ุงูุณุนูุฏ ุชุฌูุฏ ุงูุงุฎูุงู,ุชูุซู ููุณูุง ููู ุงูุฑุงุฉ ุนุฌูุฒุฉ ูุณุชุนุฏุฉ ุชุฑุถุน ุฑุถุงุนุฉ ุทุจูุนูุฉ ูููููุฏ,no_ref
ุนุงุฌู: ุชุฌูุน ูุซูููู ูููุฏ ูุนุฑุจ ููุงูุถ ูุฅุณุฑุงุฆูู ุจุฑุนุงูุฉ ุญุฒุจ ุนุฑุจู ูู ุงูุฏุงุฎู.,ูุงู ุตูุฑู ุงูุจุชุฑุง ูู ุงูุงุฑุฏู ูุนูู ุงููู ุนููู ูุง ุงูุฐุจู ููุง ุงูุณุฎู ุตุญูู ูุฐุงุจ ูุณุงูุท,negative
ูุนุงุฑุถ ูุทุฑู ูุฌูุฏ ูุทุฑ,ุงู ุฎุฒู ู ุนุงุฑ ุงูุชู ููู ูุง ุงุดุจุงู ุงูุฑุฌุงู ุ ุญุงูุชูู ูุทูุณู ูุณููู,negative
ูุฒูุฑ ุงูุตุญุฉ: ูุถุนุช ูุฎุงูุฉ ุงูุฑุฆูุณ ูู ุฃุฌูุงุก ุฒูุงุฑุชู ุงูู ุชุฑููุง ูุงุณุชุนุฏุงุฏูุง ููุณุงุนุฏุฉ ูุจูุงู ุนูู ุชุฃููู ุฃุฏููุฉ ุงูุงูุฑุงุถ ุงููุณุชุนุตูุฉ ูุงููุฒููุฉ ุบูุฑ ุงููุชูุงูุฑุฉ ูู ูุจูุงู ูุชูุฌุฉ ุนุฏู ุชุณููู ุจุนุถ ุงูุดุฑูุงุช ูุจุนุถ ุงูุฃุตูุงู ุงูุถุฑูุฑูุฉ,ููุดุงู ุนูู ุงูุฑุฆูุณ ุงูุดุญุงุฐ,no_ref
ุงูุง ุงูููู ุจุฏูู ุงุณุชุนูู ุจุตุฏูู ูู ุณูุงุญุฉ ุงูุณูุฏ ุญุณู ูุตุฑ ุงูููุ ูุง ุจู ุงูุซุฑุ ุงุฑูุฏู ุญููุง ูุฃุฆุชููู ุนูู ุงูููุถูุน... ุงูุง ูุง ุงุณููู ุฃูุฑู ููู ุงูุซูู ุงูู ุงูุณููุฏ ุญุณู ุจู ุงุฆุชููู ุนูู ุงูุญููู. ูู ุจูุนุฑู ุงููู ูุญูุง ูุณุชูุฏูููุ ููู ุดู ุนู ูุตูุฑ ูู ููููู ููุงุ ููุนุฑู ุงููุง ุชูุงุฒููุง ุจููุถูุน ุงูุญูููุฉ ุนู ูุชูุฑ ูู ุงูุฃููุฑ,ุงุฐุง ุงูุช ุจุชุฃูู ุงูุณูุฏ ุญุณู ูุตุฑุงููู ุนูู ุงูุญูููุููุด ูุง ุจุชุฑุถู ูุจุชูุจู ุงูู ุงูุณูุฏ ุญุณู ูุณูู ุงููุฒูุฑูู ุงููุณูุญููู??,neutral
ูุง ุญูู ููุง ููุฉ ุงูุง ุจุงููู,ุงู ุนูู ุงุณุงุณ ุงูุชู ูุทุงุญู ูุงูู ููุฎ...,neutral
ุฃุฑุงุฏ ูุจูุงู ูุทูุงู ุณูุฏุงู ุญุฑุงู ูุณุชููุงู ูุนุฒุฒุงู ูุฒุฏูุฑุงูุ ูุญุงุฑุจูู,... ูุจุฏูู ูุณุงุฏ ูุญุงุฑุจูู,no_ref
ูุญู ูุน ุชุฃููู ุงูุญูููุฉ ุจุณุฑุนุฉ ุจุฑุฆุงุณุฉ ุงูุฑุฆูุณ ุณุนุฏ ุงูุญุฑูุฑู ููุฐุง ุงูุฎูุงุฑ ูุญู ููุฒููู ุจู ุจุงูุฏุณุชูุฑ ููุชููู ุญุตูู ูุจุงุฏุฑุฉ ุณุฑูุนุฉ ุจุฃุฎุฐ ุงูุฎุทูุงุช ุงููุงุฒูุฉ ูุฃู ุงูุงูู ูู ููุถูุน ุงูุงุตูุงุญุงุช,ุญุงู ููุช ูุฌุฑู ูู ุฑูุจุชู ูุชุชุญุงูู ูุง ูุต ูุจุงููุฎุช ุชุจุนู ูุง ุชูุฑุจ ๐,negative
ูููู ุนู ุจูุงุฏู ุจุงููุฏุฑุงููุฉ ูุงุฐุง ูุตุฏู ุงูุชูููุน ุนูู ุงูุฐุงุช ูุดุฑูู ููุงุฑุณูุง ุจุจูุชู... ูุจูุงู ุจูู ููุงุทูู ูู ููู ุฃุจูุงุฆู๐ฑ๐งูุตุจุงุญ ุงูุฎูุฑโฅ๏ธ,ูุณูู ุชูู ุตุจุงุญ ุงูููุฑ โ๏ธ,positive
ุจุฏู ุงูููู ุงููู ุงุญูุง ููู ุฑูุชููุช ู ูุชููู ุนูู ุงูุง ู 3 ุงูููุงุช ููุฑุงุช๐ฅ,ุทุจ ุงูุช ูุชุฌูุฒ ุนุงูุฒ ุงูู ุจูุง ูุดูุงูู ุงูุง๐๐,neutral
ุตูุฑููู ุตูุฑููู ุฏุฎูููู ุนุงูุฒ ูุตุงุฑู,ูู ุดู ุชููุน ูููู ๐๐คฃ,no_ref
ูุงุฌู ุงูุนุฑููู ุงุณู ูุงูุน ุจููู ูุทุงููุง ุฎุท ุงูุญูููุฉ ูุณุทุฑ ุงููุงูุน ุฏุงุนููุง ุฅูู ุงูุชุนุงูุด ูุงูุณูุงู ูู ุฒูู ูุซุฑุช ููู ุงูุชุญุฑูุถ ููุญุงููุงุช ุงููุชู ููุงู ูุซุงู ุงูุฅูุณุงู ุงูุฌุฑูุก ุงูุฐู ููุชูุถ ููุนุฏู ูููุง ูุงูุช ุงูุฃุฑุงุก ููู ุดุฑููู ุฃู ุงูุชูู ูุฐุง ุงูุฑุฌู ูู ูุทูู ุฅุณุฑุงุฆูู ูุญููุช ุฃูููุง ููุทุฆุช ุณูููุง ูุง ุตุฏููู ุงูุนุฒูุฒ,ุฃู ุญูููุฉ ูุฃู ุณูุงู ุงุณูุญ ูู ุงู ุงุจูู ูุฏููุนู ุชูููุฑ ูุงุงูููุงู ุนูู ูู ุญุฑู ูุฑุฃุช ูุชููุธุชู ุจููู ูู ุงููุฑุงู ุงููุฑูู ููุฌุฑุชู ูุชูุณูุช ุญููู ููุถูู ูุงุณุชุดูุฏู ุจู ููู ูุง ูู ุชุนุฏ ุชูุฑุฃ ... ุงูููู ุงูู ุจูุบุช ุงูููู ูุฃุดูุฏ,negative
ุฑุฆูุณ ุงูุฌูููุฑูุฉ ุชุฌุงูุจ ูุน ุงุฑุงุฏุฉ ูุฌูุณ ุงูููุงุจ ูุชู ุชูููู ุงูุฑุฆูุณ ุงูุญุฑูุฑู ุจุชุดููู ุงูุญูููุฉ ุจูุฑุงุฑ ุตุงุฏุฑ ุนูู ุจุนุฏ ุงูุชุบุงุถู ุนู ุงููุซูุฑ ูู ุงูุงุณุงุกุงุช ูุงูุชุนุฑุถ ููุฑุฆุงุณุฉ ููุดุฎุต ุงูุฑุฆูุณ ูุงูุตูุงุญูุงุช... ูู ุฐูู ูู ุณุจูู ุชุณููู ุชุดููู ุงูุญูููุฉ ุนูู ุงูุฑุบู ูู ูุญุงููุฉ ุงุจุชูุงุฑ ุงุนุฑุงู ุฏุณุชูุฑูุฉ ุฌุฏูุฏุฉ,ุญุฑุจ ููููุฉ ุฌุฏูุฏุฉ ุนูู ููุดุงู ุนูู ูููุง ูุนู ูุฎุงูุฉ ุงูุฑุฆูุณ #ุนูู_ูุฒู_ูุณูุงุฑ_ุงููุงุณุฏูู,positive
ูููู ููู ุงู ุฑุฆูุณ ุงูุฌูููุฑูุฉ ุณููููุนุ ููุญู ูู ูุฃุฎุฏ ูุฒุฑุงุก ููุงุ ูุงูุชู ุณุชุฃุฎุฐูู ุซูุฉ ุงููุฌูุณ ูู ุฏูููุงุ ููุญู ููุจู ููุง ูููุน ุงูุญูููุฉ... ููููู ุชููููู: ุบุตุจ ุนููู ุจุฏููุง ุซูุชูู ููุบุทูุณูู ููุญููููู ูุณุคูููุฉ ูุชุณุจููู ุงููุงุณ,ุงูุช ูุงุญุฏ ูุฐุงุจ ุงูุช ุจุฏู ูุฒุงุฑุฉ ุงูุนุฏู ูุงูุฏุงุฎููุฉ ูุฑูุงู ุชููู ุตูุงุฏูู ููุฌุงู ุงูุงูุชุฎุงุจุงุช ุชุญุช ุงูุฏู ุนู ุทุฑูู ุนูู ุนู ุชุทูุจ ูู ุดู ุงูุช ููุง ุชูุฐุจ ุนุงููุงุณ ุดู ุจุชุญุณ ูุฑุถ ุจุณ ูู,negative
ูุจุฑูู ุงูููุฒ ุงููุงุณุญ ููููุชูุถูู ูู ููุงุจุฉ ุงููุญุงููู ููุจุฑูู ูููููุจ ุงูุญูู ููุญู ุฎูู...ุขู ุนููุงุ ูู ููุงุจุฉ ุงููููุฏุณูู!! #ุนุดูุง_ูุดููุง,ูููู ุตุงุฑ ุจูุชุงุฆุฌ ููุงุจุฉ ุงููููุฏุณูู ูู ููุงุจุฉ ุงููุญุงููู ุฏููู ุนูู ุงููู ุงุตุจุญุชู ูู ุงูุชุงุฑูุฎ ู ูุฐุง ุฏููู ุนูู ูุฑู ุงููุงุณ ููู ู ุจูุง ูุถููู,negative
ุงูุงูุงุฑุงุช ุชูููุก ุฑุฆูุณ ุงูุญูููุฉ ุงูุฅุณุฑุงุฆูููุฉ ุงูุฌุฏูุฏุฉ ููุชุงูู ุจูููุช,ุงูุงูุงุฑุงุช. ุทุงุฑ ุชุฑุงูุจ ูุทุงุฑ ูุชููุงูู ูููู ุซุงูุซ ุจูุทูุฑ๐,no_ref
ูู ูู ุงูู ุฑุฆูุณ ุนุฑุจู ุณูุจุงุฑู ุฑุฆูุณ ุงูุญูููุฉ ุงูุฅุณุฑุงุฆูููุฉ ุงูุฌุฏูุฏุฉ?,ูุญููุฏ ุนุจุงุณ ูุงุฑุฏูุบุงู,no_ref
ุตุจุงุญ ุงูุฎูุฑ ููุฒููุงููู ูู ุงูุญูุงุฉ ููุท โค๏ธ๐ธ,ุงูุญูุงุฉ ุฒููุงูุฉ ููู ุจุณ ููุง ูุนูุด. ูุณุนุฏ ุตุจุงุญู๐ธ๐๐,positive
ูุนูููุงุช ุชุงุฑูุฎูุฉ ุนุงูุฉ ููุฌูููุฑ ุงูุนุฑุจู: ุงูุฃุฎุช ุจููุง ุนููุช ูุนุดุฑุงุช ุงูุณููุงุช ููุฐูุนุฉ ูู ุชููุฒููู ุงูููุธููุฉ ุงูุฅูุชุตุงุฏูุฉ ุงูุชู ุฃุณุณุช ุงููุธุงู ุงูุฅูุชุตุงุฏู ุงูุฑูุนู ุงููููู ุงููุฏูุฑ ููุจูุฏ ุจุนูุฏุงู ุนู ุงูุฅูุชุตุงุฏ ุงูุฅูุชุงุฌูุ ุซู ุฃุตุจุญุช ุจุนุฏ ุงูููุงุฑ ุงูุจูุฏ ูุนุงุฑูุถุฉ ููููุธููุฉ ูุชุญุงุถุฑ ุจุงูุชุบููุฑ ูุงููุถุงู ุงูุซูุฑู.,ูุฐุงุจุฉ ุงู ุฏุฌุงูุฉ ุงู ุจูุงุนุฉ ููุงู ูู ููู ููููุง ูู ุณุฃูุช ุญุงููุง ุดู ููู ููู ุงุฌุช ูุงุฆุจุฉ,no_ref
ุฃุฏุนู ูุฒูุฑ ุงูุตุญุฉ ุฅูู ุฅููุงู ุงููุญุด ุงูุฐู ูุญูู ุดูุงุฏุฉ ุทุจูุจ ูุงูุฐู ูุงู ุจุถุฑุจ ุงููุฑูุถุฉ ุงูุชู ุชุจุญุซ ุนู ุซูู ูุทุน ูุง ุชุบุทููุง ุงููุฒุงุฑุฉ ุฏุงุฎู ุนูุงุฏุชู . ุนููุด ูู ูุตููุฉ ุงููุญูุด ุฅุทุฑุฏูู.,ูุง ุฒููู ูุณูุช ููู ูุฌูุช ุนูู ุงููุฑุงุณูุฉ ูุชู ุงููุญุด ุจุนูุฑ ุฏุงุฑู ?? ูุง ุชูุนุจ ุฏูุฑ ุงูุทูู ุงูุจุฑูุก,negative
ูู ุงููุถูุฉ ุงูููุณุทูููุฉ ุฎุณุฑุช ูู ุงูููุชูุง ุนูู ุงุซุฑ ุงููุชุงุฌุฑุฉ ุจูุง ูููุฑุงู ุฌููู ุงุตุญุงุจูุง?,ูู ุฎุณุฑุช ููู ุชุฎุณุฑ ูุงููุง ููุณุช ูุถูุฉ ููุณุทูููุฉ ููุท ูุงููุง ูุถูุฉ ุนููุฏุฉ ููู ูุณูู ุญุฑ,no_ref
ููุจูุฉู ูุง ูุจู ุงูุงุนุชุฐุงุฑ?! ูุงูุจูุฑุตุฉ ุชุณูุฑ ูุงูุขุชู: ุณุนุฑ ุตุฑู ุงูุฏููุงุฑ โ๏ธโ๏ธโ๏ธ ูุทุน ุงูุทุฑูุงุชโ๏ธโ๏ธโ๏ธ ูุจูุงูโ๏ธโ๏ธ,ุณุนุงุฏุฉ ุงูููุชู ูุฐุจู ุนูููู ููุงู,no_ref
ุณุญู ูุชุธุงูุฑ ุนูู ุงูุงุฑุถ ูุถุฑุจู ูุงูุงุนุชุฏุงุก ุนููู ูู ูุจู ููููุดูุงุช ุงูุณูุทุฉ ูู ุฑุงู ุงููู,ููุฉ ุนุงุทูุฉ ูุฌุณุฉ ููุนู ุฃุจููู ูุงููู ุดููู ุงููู ุชุฎููู ุชุนูู ููู ุจุงุจู ุจูุฏู!,no_ref
ุฑูุจููููุง ุงููุดููู ุนููููุง ุงูุนุฐุงุจ ุฅููููุง ููุคูููููููู ุุ. #ุฌูุนุฉ_ูุจุงุฑูุฉ,ุงูููู ุงููู ุฌูุนุฉ ุทูุจุฉ ูุจุงุฑูุฉ๐,neutral
ุดููู ููู ููุจ ุงูุฃุซุฑ ุจุตูุฑ ูู ุงููุณูุฑุฉ ุงูููู ูู ุฑุงู ุงููู ูุจุถุญู ููุงุฏูุจ ูุฑุชุฒูุฉ,ุดููู ุถุงุฑุจ ูููุฉ ูุญุชุฑูุฉ ูู ุงููุฎุฏุฑุงุช ูููุชูุง...,no_ref
ุงูุฑุฆูุณ ุนูู ุฏุนุง ุงูู ุฅุฌุชูุงุน ูููุฌูุณ ุงูุฃุนูู ููุฏูุงุน ููู ุบุฏ ุงูุซูุงุซุงุก ูู ูุตุฑ ุจุนุจุฏุง ููุจุญุซ ูู ุงูุฃูุถุงุน ุงูุฃูููุฉ ูู ุงูุจูุงุฏ ูุงูุชุทูุฑุงุช ุงูุฃุฎูุฑุฉ,ูุง ุฑุจ ุดู ููู ูุตุจุญ ุจุฏููู...,negative
ุทุงููุง ุงูุนุงูู ูุง ูุฑูุฏ ุงูููุถู ูู ูุจูุงู ูุตุจุญ ุฏุนู ุงูุฌูุด ูุงููุคุณุณุงุช ุงูุฃูููุฉ ุถุฑูุฑูุงู . ูุฏุนู ุงูุฏูู ุงูุฎููุฌูุฉ ูููุดุงุฑูุฉ ูู ุฏุนู ุงูุฌูุด ููุตู ูุฐุง ุงูููู ุนู ุงูุนูุงูุฉ ูุน ุงูุฏููุฉ ููุนุงูุฌ ูุฐุง ุงูุฃูุฑ ูุงุญูุงู . ุฏุนู ุงูุฌูุด ูู ุงูุถูุงูุฉ ููุฅุณุชูุฑุงุฑ.,ุงููุง ุญููุช ูุชููุณูุฉ ุนูููุง,negative
ูู ุฃู ุญุงูุ ูุง ุจุฏ ุงู ูุฏุฑู ุฏููุฉ ุงูุฑุฆูุณ ุจุฑู ูุบูุฑูุ ุงู ุฑุฆูุณ ุงูุฌูููุฑูุฉ ูุณุนู ุจูู ููุฉ ุงูู ุญู ููุงุฒูุฉ ุงูุญููููุฉ ุงูุชู ุงูุชุนูุชูุง ููุงุฑุณุงุช ุจุงุชุช ูุนุฑููุฉ ุนูุฏ ุงูุฌููุนุ ูุนููุฏุชูุง ุฑุบุจุงุช ูู ุชูููุด ุฏูุฑ ุฑุฆูุณ ุงูุฌูููุฑูุฉ ูุงูุญุฏ ูู ุตูุงุญูุงุชู ููุณุคูููุงุชูุ ููุนู ุงูุจูุงู ุงูุฐู ุตุฏุฑ ุงูููู ุฎูุฑ ุฏููู ุนูู ุฐูู,ูุง ุญุฏุง ุบูุฑู ุญุงูู ูููุง ๐,positive
ุงูุชููุช ุงูุณููุฑุฉ ุงููุฑูุณูุฉ ุขู ุบุฑูู ููุงูุช ููุงุณุจุฉ ูุดูุฑ #ูุฑูุณุง ููููููุง ุงูุฏุงุฆู ุฌุงูุจ #ูุจูุงู ูุดุนุจู. ุญุฐุฑุช ูู ุงูุฏูุน ุงูุณูุงุณู ูุฏุนูุช ูููุณุงุฑุนุฉ ุจุชุดููู ุญูููุฉ ุฅููุงุฐูุฉ ูู ูุณุชูููู ุฎุตูุตุงู ุฃู ุงูุทุจูุฉ ุงูุณูุงุณูุฉ ุญุงูุช ุฏูู ูุฌุงุญ ุงููุจุงุฏุฑุฉ ุงููุฑูุณูุฉ ุงูุชู ุทุงูุจุช ุจุชุดููู ุญูููุฉ ุฅุตูุงุญุงุช ุชุนูุฏ ุซูุฉ ุงููุฌุชูุน ุงูุฏููู ุจุจูุฏูุง,ุณุฃูุชูุง ุนู ุฌูุฑุฌ ุนุจุฏุงููู ? ุฌูุฑุฌ ุนุจุฏุงููู ููุงุทู ูุจูุงูู ูุนุชูู ุณูุงุณูุงู ูู ูุฑูุณุง ุ ุฌูุฑุฌ ุนุจุฏุงููู ุฅูุชูุช ูุญููููุชู ููุฐ ุนุดุฑูู ุนุงู ููุง ูุฒุงู ูู ุงูุณุฌู ุ ุญุจูุช ุฐูุฑู,neutral
ุทูุจ ูููู ุนู ููุชูุฏ ุฑูููู ุบุฌุฑ ูุตุญ ุชุนุจูุฑู ุบูุท ุจุณ ุณุคุงู ุบุฌุฑ ููู ุณุจุจ ุดุญู ุงูุฏููุงุฑ? ุงู ููู ุนู ุจุนุงูู ูุชูุฌุฉ ุดุญู ุงูุฏููุงุฑ? ููู ุงููุณุคูู ุนู ูุงููุฉ ุงูุฏููุฉ 30ุณูุฉ? ููู ููู ูุฑุฑ ูุฏุนู ุงูุจูุฒูู? ููู ููู ูุง ุนูู ุฎุทุฉ ููุงุตูุงุช ูู 30 ุณูุฉ? ูุนูู ููู ุณุฑูููุง ูุณุฑููุง ุฅุฏุงุฑุงุช ุงูุฏููุฉ ูู 30ุณูุฉ ุจุฑูุฆูู ูุบุฌุฑ ุงููุดููุฉ?,ุฑูุญ ูุงู ูุณูู ุนูู ุงููุงูุง ูุดุงููู ูุง ูุดููู ุญุฏุง ูู ุงูุดุนุจ ุฅููู ุฑุงูุญู ูุตุฑูุงุช ูุญุทูู ุฑุตุงุตู ุจุฑุงุณู ุงูุช ุงูุชูุงุฑ ูุฑุจููู ูุตุฑูุงุชู ูุนุงูุด ุจู ุงููุนูู ุญุงุฌ ุจูู ุชุจูุถู ุทูุงุฌุฑ ุงููููู ููุน ุนูู ุฑุงุณูุง ูุจุนุฏู ุจุชููู ูุง ุฏุฎูู ููู ุงูุฏููู ูุงูุงูุชุฑููู ุงูููุงุจูู ููู ูุจุชููู ูุง ุฎุตู ููู ุฅููู ูุญุงูู ุงูุจูุฏ ูุด ููู ูุดุชุบููู,negative
ูุงู ุดู ุฌุงููู ุนูู ุงูุจุชุฑูู ููุงุทุนูุง ููู ุดู ุงูู ุนูุงูุฉ ููู! ุงูุง ุงูู ุนูุงูุฉ ุจุญุฌุงุฑ ุงูุจุชุฑูู ูุจูุงุณูุงุ ุจุชุงุฑูุฎูุง ูุจูุณุชูุจููุงุ ูุดุงุบู ูููุง ุชุญุช ุงุฑุถูุง ูููููุง. ูู ุทูููุชูุ ุงูุง ูุจูุฏูุชูุง ูุฃูููุงุ ููุดุชุบู ูููุง ุญุฌุฑ ุญุฌุฑุ ูููุฑููู ูููุง ูุฑูุฉ ูุฑูุฉ ููุตูุช ูููู...,ุงูุช ุงุดุชุฑูุช ุงูุจุชุฑูู ูุญุฌุงุฑุง ูููู ุฃุบููุชูู ููููู ุฃุฌุจุฑุชูู ูุจูุนูู ุฃููุฏ ูุณุชูุจู ุงูุจุชุฑูู ูุง ุฑุญ ุชููู ุญุงุถุฑ ููู,negative
ุทูุจ ูุนูู ูู ูุง ูุฑุฑูุง 15 ุฃุฒุนุฑ ููุทุนู ุทุฑูู ุจุชุชูุฑุฌ ุนูููู ุงูููู ุงูุฃูููุฉ ูุจูุฐูู ุงููุงุณ ุจุงูุดูุจ ูุจุฃุฒูุฉ ุงูุจูุฒูู . ุทูุจ ูุนูู ููู ููู ุนุจูุฒุนุฌู ุงููุณุคูููู ุนู ุงูุฃุฒูุฉ ุฃู ุนุจูุฒุนุฌู ุงูููุงุทู ุงููุนุชุฑ?. ุฎูุตูุง ุจูุง ุนูุง 120 ุฃูู ุนุณูุฑู ูุง ุญุฏุง ูููุนูู ุฅูู ูุง ูููู ูููุนู ูุทุน ุงูุทุฑู ุงูุฑุฆูุณูุฉ .,ูุชุชููู ุทูุงุจูุฑ ุงูุฐู ุงููุง... ุฃุฏููุฉ .ููุงุฏ ุบุฐุงุฆูู. .ูุญุฑููุงุช...ุงูุฎูุงุถ ุณุนุฑ ุงูุตุฑู ...ุงู ูุณูุชู ...,neutral
ูุฒูุฑูุง ุงูููู ูุฒูุฑ ุฎุงุฑุฌูุฉ ุฏูููุฉ ูุทุฑ ูููุณุงุนุฏุฉ ูู ุงูุญููู . ูู ูุชููู ุฃู ุชุณุงุนุฏ ูุทุฑ ูู ุงูุญููู ุนูู ุงูุณุงุญุงุช ุงูุชู ุชุฏูุน ูููุง ุงูุฃููุงู ุฏุนูุงู ููุฅุฑูุงุจ ูู ุณูุฑูุง ูููุจูุง .,ุฅุฐุง ูุทุฑ ุฏูููุฉ! ูุจูุงู ุงูุฐู ุชูุชูู ุฅููู ุดู ??,no_ref
ูุงููู ูุดู ุญุณุงุจุงุช ูุฃููุงู ุงููุงุฆููู ุจุฎุฏูุฉ ุนุงูุฉ ูู ููุธููู ูุณูุงุณููู: ููู ุตุงุฑ ุงููุงููู? ุดู ูู ูุงููู ุงููู ูู ููุฏุง ููุนุฑู ุญูููุฉู ููู ุณุฑู ุงููุงู ุงูุนุงู! ููุฎูุต ูู ุงููุงุณุฏูู ูููู ุจูุญุงุถุฑูุง ุจุงูุนูุฉ ูุงูุขุฏูููุฉ!,ููุฑุช ูุนุฑูุชู ุจุฑุงูู ููุตู ูุทูุนุช ูุฌุชูุน ูุนู ููุฐ 2010 ุจุชุฑููุง ููุง ุฐูุฑ ูู ุจุฑูุงูุฌ #ูุณูุท_ุญูู_ุงููุงุณุฏ ูุจูููุง ุงูุจูุฏ ุนู ูุญุชุฑู ููุชุฏููุฑ ุจุณุจุจ #ุนูุฏ_ุงูุฐู ุญุถุฑุชู ููุช ูุดุบูู ุจุดุฑุงุก ุนูุงุฑุงุช ูุงูุนุดุฑุงุช ุชู ุชุณุฌููู ูู 2020 ูุงูููู ุจุนุฏูู ุทุงูุดูุง ุจุงูุชุฏููู ุงูุฌูุงุฆู ูููุงููู ุงููุณุงุฏุุจุณ ุดููุฉ ุญูุงุก ุงุฐุง ูู #ุนูุฏูู_ุฏูุงุฑ_ุงููุทู,negative
ููุทุฉ ูุงุชููุน ุณูุฌู ููุง ุชููู,. ุชููู ูู ุบูุฑ ูุชุญูู ุจุณ ูู ููุทุฉ ...,positive
ูู ุงูุจุฑ ูุถุงุฆุญ ุงููููุช. ุงุณูุนูุง ูู ูููุฉ.,ูุฐุง ุนููููู ูู ูุงูุฏุงููู ูุดูุฉ ุงูุงุฎููุฌ ูุงูุงูุฑุงูููู . ุนู ุทุฑูู ูุทุฑ ูุงูุฑุงู ุชุฌูุฏูู ุนููุงุกูู . .,negative
ูู ุตุจุงุญ ุฃุฎุจุฑ ููุจู ุงูู ูุณุชุญู ุงููุฑุญ... #ูุจูุงู_ุงูุญูู๐ฑ๐ง,ูุณุนุฏ ุตุจุงุญู ูุงุฑุจ,positive
ูููุฏู ููุจูุฉ ุทูุนุช๐ฅณ ุงูุชู ุดู ุฒุฑุนุชูุง? #ุตุจุงุญ_ุงูุฎูุฑ ๐ฑ๐งโค๏ธ,ุตุจุงุญ ุงูุงููุงุงุฑ ูุงูุฎูุฑุงุช โค๏ธ๐ฟ,positive
ููู ููู ุจุญููููุง ุณูุงุญ ุงูููุงููุฉ ูู ูุตุงูุจูุง ูุนู ุจูููููุง ุนูู ุชููุถุนูุง ุงูุณูุงุณู๐. ุชูุถูููุง ุนุทููุง ุทุฑุญูู ุงูุจุฏูู ุจูุฌู ุณูุงุณุงุช ุงูุชูุทูู ูุงูุฏูุฌ ูุงูุญุฏูุฏ ูููุงูุดู. #ููุฑูุง_ููุง,ูุณูู ุชูู. ุจุฏูุง ูู ุญููุง ุจุซุฑูุชูุง ุงูููุทูุฉ ูุจุญุฏููุง ุงูุจุญุฑูุฉ ูุงูุจุฑูุฉ ููุง ููุง ูุง ุชุฌููุณ ููุง ุชูุทูู ูููุทุฉ ุน ุงุฎุฑ ุงูุณุทุฑ ูุจูุงู ููู ุงููุจูุงูููู,positive
ุฅุณุชุบูุงู ุงูุงูุงูู ุงูุฏูููุฉ ูู ูุฑูุณุง ูู ุงุฌู ุงุฌูุฏุงุช ุฅูุฑุงู ุงูุชุฎุฑูุจูุฉ,ุณุจุญุงูู ุงูููู ูุงุชุจูู ุญุฌุฑ ุนูู ุญุฌุฑ ูู ุฅูุฑุงู ุณุจุญุงูู ุงูููู ุงููู ูุงุฑุจ ุงูุนุงูููู,no_ref
ุงูููุซู ุงูุงุนูู ููุณูุงุณุฉ ุงูุฎุงุฑุฌูุฉ ูู ุงูุงุชุญุงุฏ ุงูุฃูุฑูุจู ุฌูุฒูู ุจูุฑูู ุจุนุฏ ููุงุฆู ุงูุฑุฆูุณ ุนูู: ูุง ูุณุชุทูุน ุชูุฏูู ุงููุณุงุนุฏุงุช ูู ุฏูู ููุงู ูุจูุงู ุจุงูุงุตูุงุญุงุช ููุฏููุง ุงูููุงุฑุฏ ูููุณุงุนุฏุฉ,ุงูู ุจูุฏ ูู ุงูุงุตูุงุญ ูู ููุถ ูุงุนุงุฏุฉ ุชุฑุชูุจ ูุตูุงุบุฉ ุงูุฏููุฉ ุงููุจูุงููุฉ ุงูุชู ุชุญููุช ุงูู ูุจุงุฆู ูุงููุงุฑ ุงููุณุงุฏ ุจูุง ุชุญุชูู ูู ููุธููู ูููุถ ุงููุถุงุก ูุงุนุงุฏุฉ ุงูุนุฏุงูุฉ ุงูู ุงููุธููููู ุงููุงู ูู ุงูุตูุงุฏูู ูุงููุฌุงูุณ ูุงูุฑุฆุงุณุงุช ุจูุง ุชุณุชูููู ูู ูุตุงุฑูู ููุฏุฑ ูุฑูุงุชุจ ูุถุงูุถุฉ,no_ref
ุตุจุงุญ ุงูุฎูุฑ ... ูู ูู ููู ููุฑูุง ูููุณู ูู ุชุณุนูู ูู ุฃุถูุงุก ุงูููู. โจ๐,ุตุจุงุญู ูู ูุณุนุงุฏุฉ ุงุฎูู ๐น,positive
ุงูุจุนุถ ูุญุงูู ุงูุชุถููู ูุงููุณ ุจุงุญููุฉ ุงููููุฏ ูู ูุฏููุฉ #ุงูุฑุดููู . ุดุงูุฏูุง ุงุนุชุฑุงู ุตุฑูุญ ููุงุถุญ ุจุนูุงูุฉ ุงููููุฏ ุจุฌุจู ุงููููู #ูุจูุฉ_ุงููููุฏ,ุงููุฏุณ ูุจูุฉ ูู ุงูุฃุฏูุงู ูุง ุงุญูู ูุง ุงุญุฏ ูููุฑ,negative
ูุจุฑูู ุฅู ุดูุฑุช ูุตูุช ุน ููููููุฏ ุงูุดุฑู๐๐,ูุนูู ุจุงูุณุนูุฏูู ุจุชููุช ุจุงูุดูุฑุช ๐ค,neutral
ูู ูุง ุชููููู ุจู ูุง ูุญุชุงุฌ ุงูู ุชูุงูุถ ุจู ุงูู ุงุญุชุฑุงู ููุงุนุฏ .ูุฐูู ูุง ุชุชุนุจูุง...,ุชูููู ุนูุฏูู ุฌูุณ ุงูุฅุญุชุฑุงู ูุง #ุนูุฏ_ุงูุฐู ูุง #ุนูุฏ_ูุง_ุฃุฎูุงู,negative
ูู ุงูุดูุฑ ูุงูุชูุฏูุฑ ููุญูููุฉ ุงูุนุฑุงููุฉ ูุฑุฆูุณูุง ูุตุทูู ุงููุงุธูู ุงูุฐู ูุนุฏ ูููู. ุฅุฐ ุชูุช ุงูููุงููุฉ ุฑุณููุงู ุนูู ุชุฒููุฏ ูุจูุงู ุจููููู ุทู ูู ุงููููู ูุน ุชุณูููุงุช ุจุงูุฏูุน . ุดูุฑุงู ููุนุฑุงู ูุฃู ูุฐุง ูุนูู ุฅุจุชุนุงุฏ ุดุจุญ ุงูุนุชูุฉ ุงููุงููุฉ.,ุดูุฑุง ูุฏููู ุงูุฑุฆูุณ ูุจูู ุจุฑู ุนูู ูุฐุง ุงูุงูุฌุงุฒ ุงููุทูู ุงูุนุธูู ุงูุฐู ุงุณุชูุฑ ุดูุฑูู ุจุงูุชูุงูุถ ูุน ุงูููุงุก ุนุจุงุณ ุงุจุฑุงูููุุูุดูุฑุง ูุฏููู ุงูุนุฑุงู ุงูุดูููู ุนูู ูุฏู ุงูููุชู ุงููุดููุฑูุุูุงูู ุนู ุจุญุงูู ูุณูู ุงูููุถูุน ููุตูุญุชู ูุฎูุท ุจุบูุฑ ูุณููุุ,no_ref
ุตุจุงุญ ุงูุฎูุฑ ูุฃุญูู ุงุตุฏูุงุกโ๏ธ๐น,ุตุจุงุญูู ุงุญูุง ุฌู,positive
ุงููุงุจุชูุงู ูููุชุฑูู ูุงู ููุฑูุถ ูุตุฏุฑ ุซุงูู ุงู ุซุงูุซ ููู ุจุนุฏ 17 ุชุดุฑูู. ูุฑู ุณูุฉ ู 8 ุงุดูุฑ ุนููู. ููุด? ูุฃููู ุงุณุชูุงุฏูุง ูู ุชูุฑูุจ ุงูุฃููุงู ููุฎุงุฑุฌุ ูุง ุจู ูุฑูุจููุง ููููุ ูููู ูู ุตุงุญุจ ุงููุตุฑู ูููู ุจูุณุชุฑุฌู ููููู ูุง! ุนูู ููู ุงุญุฏ ุงุตุญุงุจ ุงููุตุงุฑู... ูููููู ุจุนุฏูู ุนู ููุฑูุจูุงุ ููู ููู ูุง ุจุฏููู ุงูุฑุงุฑ ุงููุงููู,ุจููู ูุงุฒู ุชุณููู ู ุงุจุฑุงููู ููุนุงู?!...๐,neutral
ูุงุฆุจุฉ ุนุฑุจูุฉ ูุชุฒูุฌุฉ ูู ุตููููู ุชุดุงุฑู ูู ุงูุญูููุฉ ุงูุฅุณุฑุงุฆูููุฉ ุงูุฌุฏูุฏุฉ ูุชุบุฑุฏ ููุท ูู ุงูุนุจุฑูุฉ . ุนู ุงูุตูุงููุฉ ุงูุนุฑุจ ุงุญุฏุซูู.,ูุฐู ูุนุฌู ูุงุจุณู ุจุฑููู,no_ref
ูุง ููุตุฏูุฉ ูู ููู ุนู ูููุชูุง ุนูุงุตุฑ ุญูุงุณ ููุช ุทุจูุนู.ูุงุญุฏ ููุจุฉ ููุจูุฉ ูุงุญุฏ ูุฑุถ ุนุถุงู. ูู ูุงูุฑูู ูุญู ุญููุฑ?? ูู,ูุด ูููุฑูู ุงููู ุญููุฑ ูุชุฃูุฏูู ุงููู ุญููุฑ ๐๐ ูุน ูุงูู ุงูุงุญุชุฑุงู ููุญููุฑ ๐๐,negative
ุงูุฌู ูุงุฏุง ุจุฏู ุงุดู ูู ุชูุช ุญุฑูู ุดู ููุง ?,ุฎูููู 4 . ุงูุฌูุงุจ ุณุญูุจ ๐๐,positive
